1_year_treasury_bill,10_year_treasury_constant_maturity,time_period,federal_funds
1.18,2.24,2017-08-09,1.16
1.21,2.29,2017-08-08,1.16
1.19,2.26,2017-08-07,1.16
,,2017-08-06,1.16
,,2017-08-05,1.16
1.2,2.27,2017-08-04,1.16
1.19,2.24,2017-08-03,1.16
1.21,2.27,2017-08-02,1.16
1.19,2.26,2017-08-01,1.16
1.2,2.3,2017-07-31,1.07
,,2017-07-30,1.16
,,2017-07-29,1.16
1.19,2.3,2017-07-28,1.16
1.19,2.32,2017-07-27,1.16
1.2,2.29,2017-07-26,1.16
1.21,2.33,2017-07-25,1.16
1.2,2.26,2017-07-24,1.16
,,2017-07-23,1.16
,,2017-07-22,1.16
1.19,2.24,2017-07-21,1.16
1.19,2.27,2017-07-20,1.16
1.2,2.27,2017-07-19,1.16
1.16,2.27,2017-07-18,1.16
1.18,2.31,2017-07-17,1.16
,,2017-07-16,1.16
,,2017-07-15,1.16
1.18,2.33,2017-07-14,1.16
1.19,2.35,2017-07-13,1.16
1.18,2.33,2017-07-12,1.16
1.17,2.37,2017-07-11,1.16
1.19,2.38,2017-07-10,1.16
,,2017-07-09,1.16
,,2017-07-08,1.16
1.19,2.39,2017-07-07,1.16
1.2,2.37,2017-07-06,1.16
1.21,2.33,2017-07-05,1.16
-9999.0,-9999.0,2017-07-04,1.16
1.21,2.35,2017-07-03,1.16
,,2017-07-02,1.06
,,2017-07-01,1.06
1.21,2.31,2017-06-30,1.06
1.2,2.27,2017-06-29,1.16
1.18,2.22,2017-06-28,1.16
1.19,2.21,2017-06-27,1.16
1.17,2.14,2017-06-26,1.16
,,2017-06-25,1.16
,,2017-06-24,1.16
1.18,2.15,2017-06-23,1.16
1.19,2.15,2017-06-22,1.16
1.19,2.16,2017-06-21,1.16
1.19,2.16,2017-06-20,1.16
1.18,2.19,2017-06-19,1.16
,,2017-06-18,1.16
,,2017-06-17,1.16
1.18,2.16,2017-06-16,1.16
1.18,2.16,2017-06-15,1.16
1.17,2.15,2017-06-14,0.91
1.18,2.21,2017-06-13,0.91
1.16,2.21,2017-06-12,0.91
,,2017-06-11,0.91
,,2017-06-10,0.91
1.17,2.21,2017-06-09,0.91
1.16,2.19,2017-06-08,0.91
1.14,2.18,2017-06-07,0.91
1.13,2.14,2017-06-06,0.91
1.13,2.18,2017-06-05,0.91
,,2017-06-04,0.91
,,2017-06-03,0.91
1.13,2.15,2017-06-02,0.91
1.13,2.21,2017-06-01,0.91
1.14,2.21,2017-05-31,0.83
1.13,2.21,2017-05-30,0.91
-9999.0,-9999.0,2017-05-29,0.91
,,2017-05-28,0.91
,,2017-05-27,0.91
1.14,2.25,2017-05-26,0.91
1.13,2.25,2017-05-25,0.91
1.15,2.26,2017-05-24,0.91
1.12,2.29,2017-05-23,0.91
1.08,2.25,2017-05-22,0.91
,,2017-05-21,0.91
,,2017-05-20,0.91
1.07,2.23,2017-05-19,0.91
1.06,2.23,2017-05-18,0.91
1.05,2.22,2017-05-17,0.91
1.08,2.33,2017-05-16,0.91
1.08,2.34,2017-05-15,0.91
,,2017-05-14,0.91
,,2017-05-13,0.91
1.08,2.33,2017-05-12,0.91
1.1,2.39,2017-05-11,0.91
1.1,2.41,2017-05-10,0.91
1.11,2.42,2017-05-09,0.91
1.09,2.39,2017-05-08,0.91
,,2017-05-07,0.91
,,2017-05-06,0.91
1.07,2.36,2017-05-05,0.91
1.08,2.36,2017-05-04,0.91
1.07,2.33,2017-05-03,0.91
1.05,2.29,2017-05-02,0.91
1.06,2.33,2017-05-01,0.91
,,2017-04-30,0.83
,,2017-04-29,0.83
1.05,2.29,2017-04-28,0.83
1.04,2.3,2017-04-27,0.91
1.05,2.32,2017-04-26,0.91
1.07,2.35,2017-04-25,0.91
0.99,2.28,2017-04-24,0.91
,,2017-04-23,0.91
,,2017-04-22,0.91
0.96,2.24,2017-04-21,0.91
0.98,2.24,2017-04-20,0.91
0.99,2.21,2017-04-19,0.91
0.99,2.18,2017-04-18,0.91
1.01,2.26,2017-04-17,0.91
,,2017-04-16,0.91
,,2017-04-15,0.91
-9999.0,-9999.0,2017-04-14,0.91
1.0,2.24,2017-04-13,0.91
1.01,2.28,2017-04-12,0.91
1.02,2.32,2017-04-11,0.91
1.04,2.37,2017-04-10,0.91
,,2017-04-09,0.91
,,2017-04-08,0.91
1.05,2.38,2017-04-07,0.91
1.02,2.34,2017-04-06,0.91
1.0,2.34,2017-04-05,0.91
1.0,2.36,2017-04-04,0.91
1.0,2.35,2017-04-03,0.91
,,2017-04-02,0.82
,,2017-04-01,0.82
1.01,2.4,2017-03-31,0.82
1.01,2.42,2017-03-30,0.91
1.02,2.39,2017-03-29,0.91
1.01,2.42,2017-03-28,0.91
0.96,2.38,2017-03-27,0.91
,,2017-03-26,0.91
,,2017-03-25,0.91
0.96,2.4,2017-03-24,0.91
0.95,2.41,2017-03-23,0.91
0.95,2.4,2017-03-22,0.91
0.97,2.43,2017-03-21,0.91
0.97,2.47,2017-03-20,0.91
,,2017-03-19,0.91
,,2017-03-18,0.91
0.97,2.5,2017-03-17,0.91
0.98,2.53,2017-03-16,0.91
0.99,2.51,2017-03-15,0.66
1.03,2.6,2017-03-14,0.66
1.03,2.62,2017-03-13,0.66
,,2017-03-12,0.66
,,2017-03-11,0.66
1.0,2.58,2017-03-10,0.66
1.01,2.6,2017-03-09,0.66
1.0,2.57,2017-03-08,0.66
0.99,2.52,2017-03-07,0.66
0.95,2.49,2017-03-06,0.66
,,2017-03-05,0.66
,,2017-03-04,0.66
0.96,2.49,2017-03-03,0.66
0.96,2.49,2017-03-02,0.66
0.9,2.46,2017-03-01,0.66
0.86,2.36,2017-02-28,0.57
0.77,2.36,2017-02-27,0.66
,,2017-02-26,0.66
,,2017-02-25,0.66
0.77,2.31,2017-02-24,0.66
0.77,2.38,2017-02-23,0.66
0.78,2.42,2017-02-22,0.66
0.79,2.43,2017-02-21,0.66
-9999.0,-9999.0,2017-02-20,0.66
,,2017-02-19,0.66
,,2017-02-18,0.66
0.79,2.42,2017-02-17,0.66
0.79,2.45,2017-02-16,0.66
0.83,2.51,2017-02-15,0.66
0.81,2.47,2017-02-14,0.66
0.79,2.43,2017-02-13,0.66
,,2017-02-12,0.66
,,2017-02-11,0.66
0.79,2.41,2017-02-10,0.66
0.78,2.4,2017-02-09,0.66
0.77,2.34,2017-02-08,0.66
0.78,2.4,2017-02-07,0.66
0.77,2.42,2017-02-06,0.66
,,2017-02-05,0.66
,,2017-02-04,0.66
0.8,2.49,2017-02-03,0.66
0.82,2.48,2017-02-02,0.66
0.81,2.48,2017-02-01,0.66
0.82,2.45,2017-01-31,0.56
0.77,2.49,2017-01-30,0.66
,,2017-01-29,0.66
,,2017-01-28,0.66
0.78,2.49,2017-01-27,0.66
0.78,2.51,2017-01-26,0.66
0.78,2.53,2017-01-25,0.66
0.77,2.47,2017-01-24,0.66
0.76,2.41,2017-01-23,0.66
,,2017-01-22,0.66
,,2017-01-21,0.66
0.79,2.48,2017-01-20,0.66
0.8,2.47,2017-01-19,0.66
0.79,2.42,2017-01-18,0.66
0.77,2.33,2017-01-17,0.66
-9999.0,-9999.0,2017-01-16,0.66
,,2017-01-15,0.66
,,2017-01-14,0.66
0.79,2.4,2017-01-13,0.66
0.79,2.36,2017-01-12,0.66
0.8,2.38,2017-01-11,0.66
0.8,2.38,2017-01-10,0.66
0.8,2.38,2017-01-09,0.66
,,2017-01-08,0.66
,,2017-01-07,0.66
0.83,2.42,2017-01-06,0.66
0.81,2.37,2017-01-05,0.66
0.85,2.46,2017-01-04,0.66
0.87,2.45,2017-01-03,0.66
-9999.0,-9999.0,2017-01-02,0.55
,,2017-01-01,0.55
,,2016-12-31,0.55
0.81,2.45,2016-12-30,0.55
0.81,2.49,2016-12-29,0.66
0.86,2.51,2016-12-28,0.66
0.85,2.57,2016-12-27,0.66
-9999.0,-9999.0,2016-12-26,0.66
,,2016-12-25,0.66
,,2016-12-24,0.66
0.84,2.55,2016-12-23,0.66
0.84,2.55,2016-12-22,0.66
0.85,2.55,2016-12-21,0.66
0.87,2.57,2016-12-20,0.66
0.87,2.54,2016-12-19,0.66
,,2016-12-18,0.66
,,2016-12-17,0.66
0.88,2.6,2016-12-16,0.66
0.88,2.6,2016-12-15,0.66
0.89,2.54,2016-12-14,0.41
0.86,2.48,2016-12-13,0.41
0.83,2.49,2016-12-12,0.41
,,2016-12-11,0.41
,,2016-12-10,0.41
0.83,2.47,2016-12-09,0.41
0.82,2.4,2016-12-08,0.41
0.83,2.34,2016-12-07,0.41
0.81,2.39,2016-12-06,0.41
0.78,2.39,2016-12-05,0.41
,,2016-12-04,0.41
,,2016-12-03,0.41
0.76,2.4,2016-12-02,0.41
0.78,2.45,2016-12-01,0.41
0.77,2.37,2016-11-30,0.31
0.75,2.3,2016-11-29,0.41
0.76,2.32,2016-11-28,0.41
,,2016-11-27,0.41
,,2016-11-26,0.41
0.78,2.36,2016-11-25,0.41
-9999.0,-9999.0,2016-11-24,0.41
0.77,2.36,2016-11-23,0.41
0.75,2.31,2016-11-22,0.41
0.75,2.33,2016-11-21,0.41
,,2016-11-20,0.41
,,2016-11-19,0.41
0.75,2.34,2016-11-18,0.41
0.75,2.29,2016-11-17,0.41
0.74,2.22,2016-11-16,0.41
0.76,2.23,2016-11-15,0.41
0.75,2.23,2016-11-14,0.41
,,2016-11-13,0.41
,,2016-11-12,0.41
-9999.0,-9999.0,2016-11-11,0.41
0.71,2.15,2016-11-10,0.41
0.71,2.07,2016-11-09,0.41
0.7,1.88,2016-11-08,0.41
0.61,1.83,2016-11-07,0.41
,,2016-11-06,0.41
,,2016-11-05,0.41
0.6,1.79,2016-11-04,0.41
0.62,1.82,2016-11-03,0.41
0.62,1.81,2016-11-02,0.41
0.63,1.83,2016-11-01,0.41
0.64,1.84,2016-10-31,0.31
,,2016-10-30,0.41
,,2016-10-29,0.41
0.64,1.86,2016-10-28,0.41
0.66,1.85,2016-10-27,0.41
0.65,1.79,2016-10-26,0.41
0.64,1.77,2016-10-25,0.41
0.64,1.77,2016-10-24,0.41
,,2016-10-23,0.41
,,2016-10-22,0.41
0.64,1.74,2016-10-21,0.41
0.64,1.76,2016-10-20,0.41
0.63,1.76,2016-10-19,0.41
0.64,1.75,2016-10-18,0.41
0.64,1.77,2016-10-17,0.41
,,2016-10-16,0.41
,,2016-10-15,0.41
0.65,1.8,2016-10-14,0.41
0.65,1.75,2016-10-13,0.41
0.67,1.79,2016-10-12,0.41
0.68,1.77,2016-10-11,0.41
-9999.0,-9999.0,2016-10-10,0.4
,,2016-10-09,0.4
,,2016-10-08,0.4
0.63,1.73,2016-10-07,0.4
0.62,1.75,2016-10-06,0.4
0.62,1.72,2016-10-05,0.4
0.62,1.69,2016-10-04,0.4
0.61,1.63,2016-10-03,0.4
,,2016-10-02,0.29
,,2016-10-01,0.29
0.57,1.6,2016-09-30,0.29
0.57,1.56,2016-09-29,0.4
0.58,1.57,2016-09-28,0.4
0.56,1.56,2016-09-27,0.4
0.56,1.59,2016-09-26,0.4
,,2016-09-25,0.4
,,2016-09-24,0.4
0.58,1.62,2016-09-23,0.4
0.58,1.63,2016-09-22,0.4
0.6,1.66,2016-09-21,0.4
0.6,1.69,2016-09-20,0.4
0.59,1.7,2016-09-19,0.4
,,2016-09-18,0.4
,,2016-09-17,0.4
0.6,1.7,2016-09-16,0.4
0.59,1.71,2016-09-15,0.4
0.61,1.7,2016-09-14,0.4
0.62,1.73,2016-09-13,0.4
0.55,1.68,2016-09-12,0.4
,,2016-09-11,0.4
,,2016-09-10,0.4
0.56,1.67,2016-09-09,0.4
0.55,1.61,2016-09-08,0.4
0.55,1.54,2016-09-07,0.4
0.54,1.55,2016-09-06,0.4
-9999.0,-9999.0,2016-09-05,0.4
,,2016-09-04,0.4
,,2016-09-03,0.4
0.57,1.6,2016-09-02,0.4
0.58,1.57,2016-09-01,0.4
0.59,1.58,2016-08-31,0.3
0.59,1.57,2016-08-30,0.4
0.6,1.57,2016-08-29,0.4
,,2016-08-28,0.4
,,2016-08-27,0.4
0.6,1.62,2016-08-26,0.4
0.58,1.58,2016-08-25,0.4
0.58,1.56,2016-08-24,0.4
0.57,1.55,2016-08-23,0.4
0.57,1.55,2016-08-22,0.4
,,2016-08-21,0.4
,,2016-08-20,0.4
0.58,1.58,2016-08-19,0.4
0.57,1.53,2016-08-18,0.4
0.57,1.56,2016-08-17,0.4
0.56,1.57,2016-08-16,0.4
0.54,1.55,2016-08-15,0.4
,,2016-08-14,0.4
,,2016-08-13,0.4
0.54,1.51,2016-08-12,0.4
0.53,1.57,2016-08-11,0.4
0.53,1.5,2016-08-10,0.4
0.53,1.55,2016-08-09,0.4
0.55,1.59,2016-08-08,0.4
,,2016-08-07,0.4
,,2016-08-06,0.4
0.54,1.59,2016-08-05,0.4
0.5,1.51,2016-08-04,0.4
0.51,1.55,2016-08-03,0.4
0.49,1.55,2016-08-02,0.4
0.49,1.51,2016-08-01,0.4
,,2016-07-31,0.3
,,2016-07-30,0.3
0.49,1.46,2016-07-29,0.3
0.52,1.52,2016-07-28,0.4
0.52,1.52,2016-07-27,0.4
0.54,1.57,2016-07-26,0.4
0.54,1.58,2016-07-25,0.4
,,2016-07-24,0.4
,,2016-07-23,0.4
0.54,1.57,2016-07-22,0.4
0.53,1.57,2016-07-21,0.4
0.55,1.59,2016-07-20,0.4
0.55,1.56,2016-07-19,0.4
0.5,1.59,2016-07-18,0.4
,,2016-07-17,0.4
,,2016-07-16,0.4
0.5,1.6,2016-07-15,0.4
0.51,1.53,2016-07-14,0.4
0.49,1.48,2016-07-13,0.4
0.5,1.53,2016-07-12,0.4
0.48,1.43,2016-07-11,0.4
,,2016-07-10,0.4
,,2016-07-09,0.4
0.46,1.37,2016-07-08,0.4
0.46,1.4,2016-07-07,0.4
0.45,1.38,2016-07-06,0.4
0.43,1.37,2016-07-05,0.4
-9999.0,-9999.0,2016-07-04,0.41
,,2016-07-03,0.41
,,2016-07-02,0.41
0.44,1.46,2016-07-01,0.41
0.44,1.49,2016-06-30,0.3
0.45,1.5,2016-06-29,0.41
0.44,1.46,2016-06-28,0.41
0.44,1.46,2016-06-27,0.41
,,2016-06-26,0.4
,,2016-06-25,0.4
0.47,1.57,2016-06-24,0.4
0.57,1.74,2016-06-23,0.39
0.55,1.69,2016-06-22,0.38
0.56,1.71,2016-06-21,0.38
0.54,1.67,2016-06-20,0.38
,,2016-06-19,0.38
,,2016-06-18,0.38
0.49,1.62,2016-06-17,0.38
0.5,1.57,2016-06-16,0.38
0.5,1.6,2016-06-15,0.37
0.53,1.62,2016-06-14,0.37
0.53,1.62,2016-06-13,0.37
,,2016-06-12,0.37
,,2016-06-11,0.37
0.55,1.64,2016-06-10,0.37
0.57,1.68,2016-06-09,0.37
0.58,1.71,2016-06-08,0.37
0.57,1.72,2016-06-07,0.37
0.58,1.73,2016-06-06,0.37
,,2016-06-05,0.37
,,2016-06-04,0.37
0.58,1.71,2016-06-03,0.37
0.66,1.81,2016-06-02,0.37
0.68,1.85,2016-06-01,0.37
0.66,1.84,2016-05-31,0.29
-9999.0,-9999.0,2016-05-30,0.37
,,2016-05-29,0.37
,,2016-05-28,0.37
0.67,1.85,2016-05-27,0.37
0.64,1.83,2016-05-26,0.37
0.66,1.87,2016-05-25,0.37
0.68,1.86,2016-05-24,0.37
0.65,1.84,2016-05-23,0.37
,,2016-05-22,0.37
,,2016-05-21,0.37
0.64,1.85,2016-05-20,0.37
0.61,1.85,2016-05-19,0.37
0.6,1.87,2016-05-18,0.37
0.55,1.76,2016-05-17,0.37
0.54,1.75,2016-05-16,0.37
,,2016-05-15,0.37
,,2016-05-14,0.37
0.53,1.71,2016-05-13,0.37
0.52,1.75,2016-05-12,0.37
0.51,1.73,2016-05-11,0.37
0.5,1.77,2016-05-10,0.37
0.49,1.77,2016-05-09,0.37
,,2016-05-08,0.37
,,2016-05-07,0.37
0.5,1.79,2016-05-06,0.37
0.5,1.76,2016-05-05,0.37
0.51,1.79,2016-05-04,0.37
0.52,1.81,2016-05-03,0.37
0.54,1.88,2016-05-02,0.37
,,2016-05-01,0.3
,,2016-04-30,0.3
0.55,1.83,2016-04-29,0.3
0.55,1.84,2016-04-28,0.37
0.57,1.87,2016-04-27,0.37
0.6,1.94,2016-04-26,0.37
0.54,1.91,2016-04-25,0.37
,,2016-04-24,0.37
,,2016-04-23,0.37
0.53,1.89,2016-04-22,0.37
0.53,1.88,2016-04-21,0.37
0.51,1.85,2016-04-20,0.37
0.51,1.79,2016-04-19,0.37
0.5,1.78,2016-04-18,0.37
,,2016-04-17,0.37
,,2016-04-16,0.37
0.51,1.76,2016-04-15,0.37
0.53,1.8,2016-04-14,0.37
0.53,1.77,2016-04-13,0.37
0.52,1.79,2016-04-12,0.37
0.51,1.73,2016-04-11,0.37
,,2016-04-10,0.37
,,2016-04-09,0.37
0.52,1.72,2016-04-08,0.37
0.51,1.7,2016-04-07,0.37
0.54,1.76,2016-04-06,0.37
0.55,1.73,2016-04-05,0.37
0.58,1.78,2016-04-04,0.37
,,2016-04-03,0.37
,,2016-04-02,0.37
0.61,1.79,2016-04-01,0.37
0.58,1.78,2016-03-31,0.25
0.6,1.83,2016-03-30,0.37
0.62,1.81,2016-03-29,0.37
0.62,1.89,2016-03-28,0.37
,,2016-03-27,0.37
,,2016-03-26,0.37
-9999.0,-9999.0,2016-03-25,0.37
0.6,1.91,2016-03-24,0.37
0.61,1.88,2016-03-23,0.37
0.61,1.94,2016-03-22,0.37
0.6,1.92,2016-03-21,0.37
,,2016-03-20,0.37
,,2016-03-19,0.37
0.6,1.88,2016-03-18,0.37
0.62,1.91,2016-03-17,0.37
0.64,1.94,2016-03-16,0.37
0.69,1.97,2016-03-15,0.37
0.68,1.97,2016-03-14,0.36
,,2016-03-13,0.36
,,2016-03-12,0.36
0.68,1.98,2016-03-11,0.36
0.67,1.93,2016-03-10,0.36
0.66,1.9,2016-03-09,0.36
0.66,1.83,2016-03-08,0.36
0.65,1.91,2016-03-07,0.36
,,2016-03-06,0.36
,,2016-03-05,0.36
0.66,1.88,2016-03-04,0.36
0.64,1.83,2016-03-03,0.37
0.66,1.84,2016-03-02,0.37
0.67,1.83,2016-03-01,0.36
0.6,1.74,2016-02-29,0.29
,,2016-02-28,0.37
,,2016-02-27,0.37
0.57,1.76,2016-02-26,0.37
0.54,1.71,2016-02-25,0.37
0.53,1.75,2016-02-24,0.38
0.53,1.74,2016-02-23,0.38
0.53,1.77,2016-02-22,0.38
,,2016-02-21,0.38
,,2016-02-20,0.38
0.51,1.76,2016-02-19,0.38
0.51,1.75,2016-02-18,0.38
0.51,1.81,2016-02-17,0.37
0.49,1.78,2016-02-16,0.38
-9999.0,-9999.0,2016-02-15,0.38
,,2016-02-14,0.38
,,2016-02-13,0.38
0.49,1.74,2016-02-12,0.38
0.46,1.63,2016-02-11,0.38
0.51,1.71,2016-02-10,0.38
0.51,1.74,2016-02-09,0.38
0.5,1.75,2016-02-08,0.38
,,2016-02-07,0.38
,,2016-02-06,0.38
0.54,1.86,2016-02-05,0.38
0.51,1.87,2016-02-04,0.38
0.53,1.88,2016-02-03,0.38
0.53,1.87,2016-02-02,0.38
0.46,1.97,2016-02-01,0.38
,,2016-01-31,0.29
,,2016-01-30,0.29
0.44,1.94,2016-01-29,0.29
0.45,2.0,2016-01-28,0.38
0.44,2.02,2016-01-27,0.38
0.45,2.01,2016-01-26,0.38
0.44,2.03,2016-01-25,0.38
,,2016-01-24,0.38
,,2016-01-23,0.38
0.45,2.07,2016-01-22,0.38
0.42,2.02,2016-01-21,0.37
0.41,2.01,2016-01-20,0.37
0.46,2.06,2016-01-19,0.36
-9999.0,-9999.0,2016-01-18,0.36
,,2016-01-17,0.36
,,2016-01-16,0.36
0.47,2.03,2016-01-15,0.36
0.53,2.1,2016-01-14,0.36
0.58,2.08,2016-01-13,0.36
0.6,2.12,2016-01-12,0.36
0.61,2.17,2016-01-11,0.36
,,2016-01-10,0.36
,,2016-01-09,0.36
0.62,2.13,2016-01-08,0.36
0.64,2.16,2016-01-07,0.36
0.65,2.18,2016-01-06,0.36
0.67,2.25,2016-01-05,0.36
0.57,2.24,2016-01-04,0.36
,,2016-01-03,0.2
,,2016-01-02,0.2
-9999.0,-9999.0,2016-01-01,0.2
0.61,2.27,2015-12-31,0.2
0.6,2.31,2015-12-30,0.35
0.63,2.32,2015-12-29,0.36
0.63,2.24,2015-12-28,0.36
,,2015-12-27,0.36
,,2015-12-26,0.36
-9999.0,-9999.0,2015-12-25,0.36
0.61,2.25,2015-12-24,0.36
0.62,2.27,2015-12-23,0.36
0.63,2.24,2015-12-22,0.36
0.62,2.2,2015-12-21,0.36
,,2015-12-20,0.37
,,2015-12-19,0.37
0.65,2.19,2015-12-18,0.37
0.67,2.24,2015-12-17,0.37
0.68,2.3,2015-12-16,0.15
0.67,2.28,2015-12-15,0.15
0.66,2.23,2015-12-14,0.15
,,2015-12-13,0.14
,,2015-12-12,0.14
0.66,2.13,2015-12-11,0.14
0.69,2.24,2015-12-10,0.14
0.7,2.22,2015-12-09,0.14
0.74,2.24,2015-12-08,0.13
0.64,2.23,2015-12-07,0.13
,,2015-12-06,0.13
,,2015-12-05,0.13
0.57,2.28,2015-12-04,0.13
0.54,2.33,2015-12-03,0.13
0.49,2.18,2015-12-02,0.13
0.48,2.15,2015-12-01,0.13
0.48,2.21,2015-11-30,0.08
,,2015-11-29,0.12
,,2015-11-28,0.12
0.47,2.22,2015-11-27,0.12
-9999.0,-9999.0,2015-11-26,0.12
0.49,2.23,2015-11-25,0.12
0.49,2.24,2015-11-24,0.12
0.48,2.25,2015-11-23,0.12
,,2015-11-22,0.12
,,2015-11-21,0.12
0.47,2.26,2015-11-20,0.12
0.47,2.24,2015-11-19,0.12
0.47,2.27,2015-11-18,0.12
0.48,2.25,2015-11-17,0.13
0.48,2.27,2015-11-16,0.13
,,2015-11-15,0.12
,,2015-11-14,0.12
0.49,2.28,2015-11-13,0.12
0.5,2.32,2015-11-12,0.12
-9999.0,-9999.0,2015-11-11,0.12
0.5,2.32,2015-11-10,0.12
0.43,2.36,2015-11-09,0.12
,,2015-11-08,0.12
,,2015-11-07,0.12
0.43,2.34,2015-11-06,0.12
0.39,2.26,2015-11-05,0.12
0.37,2.25,2015-11-04,0.12
0.36,2.23,2015-11-03,0.12
0.34,2.2,2015-11-02,0.12
,,2015-11-01,0.07
,,2015-10-31,0.07
0.32,2.16,2015-10-30,0.07
0.31,2.19,2015-10-29,0.12
0.31,2.1,2015-10-28,0.12
0.27,2.05,2015-10-27,0.12
0.23,2.07,2015-10-26,0.12
,,2015-10-25,0.12
,,2015-10-24,0.12
0.23,2.09,2015-10-23,0.12
0.22,2.04,2015-10-22,0.12
0.22,2.04,2015-10-21,0.13
0.22,2.08,2015-10-20,0.13
0.22,2.04,2015-10-19,0.13
,,2015-10-18,0.13
,,2015-10-17,0.13
0.22,2.04,2015-10-16,0.13
0.21,2.04,2015-10-15,0.13
0.21,1.99,2015-10-14,0.13
0.24,2.06,2015-10-13,0.13
-9999.0,-9999.0,2015-10-12,0.13
,,2015-10-11,0.13
,,2015-10-10,0.13
0.25,2.12,2015-10-09,0.13
0.24,2.12,2015-10-08,0.13
0.24,2.08,2015-10-07,0.13
0.23,2.05,2015-10-06,0.13
0.24,2.07,2015-10-05,0.13
,,2015-10-04,0.13
,,2015-10-03,0.13
0.23,1.99,2015-10-02,0.13
0.29,2.05,2015-10-01,0.13
0.31,2.06,2015-09-30,0.07
0.31,2.05,2015-09-29,0.13
0.32,2.1,2015-09-28,0.13
,,2015-09-27,0.13
,,2015-09-26,0.13
0.33,2.17,2015-09-25,0.13
0.31,2.13,2015-09-24,0.14
0.33,2.16,2015-09-23,0.14
0.34,2.14,2015-09-22,0.14
0.35,2.2,2015-09-21,0.14
,,2015-09-20,0.14
,,2015-09-19,0.14
0.34,2.13,2015-09-18,0.14
0.38,2.21,2015-09-17,0.14
0.45,2.3,2015-09-16,0.14
0.46,2.28,2015-09-15,0.14
0.37,2.18,2015-09-14,0.14
,,2015-09-13,0.14
,,2015-09-12,0.14
0.37,2.2,2015-09-11,0.14
0.36,2.23,2015-09-10,0.14
0.36,2.21,2015-09-09,0.14
0.36,2.2,2015-09-08,0.14
-9999.0,-9999.0,2015-09-07,0.14
,,2015-09-06,0.14
,,2015-09-05,0.14
0.34,2.13,2015-09-04,0.14
0.34,2.18,2015-09-03,0.14
0.35,2.2,2015-09-02,0.14
0.37,2.17,2015-09-01,0.14
0.37,2.21,2015-08-31,0.08
,,2015-08-30,0.14
,,2015-08-29,0.14
0.36,2.19,2015-08-28,0.14
0.35,2.18,2015-08-27,0.14
0.34,2.18,2015-08-26,0.14
0.35,2.12,2015-08-25,0.15
0.32,2.01,2015-08-24,0.15
,,2015-08-23,0.15
,,2015-08-22,0.15
0.35,2.05,2015-08-21,0.15
0.38,2.09,2015-08-20,0.15
0.38,2.12,2015-08-19,0.15
0.41,2.2,2015-08-18,0.15
0.37,2.16,2015-08-17,0.15
,,2015-08-16,0.14
,,2015-08-15,0.14
0.38,2.2,2015-08-14,0.14
0.37,2.19,2015-08-13,0.15
0.35,2.14,2015-08-12,0.15
0.35,2.15,2015-08-11,0.15
0.37,2.24,2015-08-10,0.14
,,2015-08-09,0.14
,,2015-08-08,0.14
0.36,2.18,2015-08-07,0.14
0.33,2.23,2015-08-06,0.14
0.36,2.28,2015-08-05,0.14
0.35,2.23,2015-08-04,0.14
0.31,2.16,2015-08-03,0.14
,,2015-08-02,0.08
,,2015-08-01,0.08
0.31,2.2,2015-07-31,0.08
0.34,2.28,2015-07-30,0.14
0.32,2.29,2015-07-29,0.14
0.31,2.26,2015-07-28,0.14
0.31,2.23,2015-07-27,0.14
,,2015-07-26,0.13
,,2015-07-25,0.13
0.31,2.27,2015-07-24,0.13
0.32,2.28,2015-07-23,0.13
0.33,2.33,2015-07-22,0.13
0.33,2.35,2015-07-21,0.13
0.28,2.38,2015-07-20,0.14
,,2015-07-19,0.13
,,2015-07-18,0.13
0.26,2.34,2015-07-17,0.13
0.26,2.36,2015-07-16,0.14
0.25,2.36,2015-07-15,0.13
0.24,2.41,2015-07-14,0.13
0.25,2.44,2015-07-13,0.13
,,2015-07-12,0.13
,,2015-07-11,0.13
0.26,2.42,2015-07-10,0.13
0.23,2.32,2015-07-09,0.13
0.22,2.22,2015-07-08,0.13
0.23,2.27,2015-07-07,0.13
0.24,2.3,2015-07-06,0.13
,,2015-07-05,0.13
,,2015-07-04,0.13
-9999.0,-9999.0,2015-07-03,0.13
0.25,2.4,2015-07-02,0.13
0.27,2.43,2015-07-01,0.13
0.27,2.35,2015-06-30,0.08
0.26,2.33,2015-06-29,0.14
,,2015-06-28,0.13
,,2015-06-27,0.13
0.28,2.49,2015-06-26,0.13
0.28,2.4,2015-06-25,0.13
0.29,2.38,2015-06-24,0.13
0.29,2.42,2015-06-23,0.13
0.24,2.37,2015-06-22,0.13
,,2015-06-21,0.13
,,2015-06-20,0.13
0.22,2.26,2015-06-19,0.13
0.23,2.35,2015-06-18,0.14
0.24,2.32,2015-06-17,0.14
0.25,2.32,2015-06-16,0.14
0.25,2.36,2015-06-15,0.13
,,2015-06-14,0.13
,,2015-06-13,0.13
0.26,2.39,2015-06-12,0.13
0.26,2.39,2015-06-11,0.13
0.26,2.5,2015-06-10,0.13
0.25,2.42,2015-06-09,0.13
0.25,2.39,2015-06-08,0.13
,,2015-06-07,0.13
,,2015-06-06,0.13
0.27,2.41,2015-06-05,0.13
0.26,2.31,2015-06-04,0.13
0.25,2.38,2015-06-03,0.13
0.25,2.27,2015-06-02,0.12
0.25,2.19,2015-06-01,0.12
,,2015-05-31,0.08
,,2015-05-30,0.08
0.25,2.12,2015-05-29,0.08
0.25,2.13,2015-05-28,0.12
0.26,2.14,2015-05-27,0.12
0.21,2.14,2015-05-26,0.12
-9999.0,-9999.0,2015-05-25,0.13
,,2015-05-24,0.13
,,2015-05-23,0.13
0.2,2.21,2015-05-22,0.13
0.19,2.19,2015-05-21,0.12
0.2,2.26,2015-05-20,0.12
0.2,2.27,2015-05-19,0.12
0.2,2.23,2015-05-18,0.13
,,2015-05-17,0.13
,,2015-05-16,0.13
0.21,2.14,2015-05-15,0.13
0.21,2.23,2015-05-14,0.13
0.22,2.27,2015-05-13,0.13
0.23,2.28,2015-05-12,0.13
0.23,2.28,2015-05-11,0.13
,,2015-05-10,0.13
,,2015-05-09,0.13
0.22,2.16,2015-05-08,0.13
0.23,2.18,2015-05-07,0.13
0.24,2.25,2015-05-06,0.13
0.23,2.19,2015-05-05,0.13
0.24,2.16,2015-05-04,0.13
,,2015-05-03,0.13
,,2015-05-02,0.13
0.24,2.12,2015-05-01,0.13
0.23,2.05,2015-04-30,0.08
0.24,2.06,2015-04-29,0.13
0.24,2.0,2015-04-28,0.13
0.22,1.94,2015-04-27,0.13
,,2015-04-26,0.13
,,2015-04-25,0.13
0.22,1.93,2015-04-24,0.13
0.22,1.96,2015-04-23,0.13
0.21,1.99,2015-04-22,0.13
0.21,1.92,2015-04-21,0.13
0.22,1.9,2015-04-20,0.13
,,2015-04-19,0.13
,,2015-04-18,0.13
0.21,1.87,2015-04-17,0.13
0.2,1.9,2015-04-16,0.13
0.21,1.91,2015-04-15,0.13
0.22,1.9,2015-04-14,0.13
0.22,1.94,2015-04-13,0.13
,,2015-04-12,0.12
,,2015-04-11,0.12
0.23,1.96,2015-04-10,0.12
0.21,1.97,2015-04-09,0.12
0.21,1.92,2015-04-08,0.12
0.21,1.89,2015-04-07,0.12
0.2,1.92,2015-04-06,0.13
,,2015-04-05,0.12
,,2015-04-04,0.12
0.2,1.85,2015-04-03,0.12
0.24,1.92,2015-04-02,0.12
0.26,1.87,2015-04-01,0.12
0.26,1.94,2015-03-31,0.06
0.24,1.96,2015-03-30,0.12
,,2015-03-29,0.12
,,2015-03-28,0.12
0.25,1.95,2015-03-27,0.12
0.26,2.01,2015-03-26,0.11
0.23,1.93,2015-03-25,0.12
0.22,1.88,2015-03-24,0.11
0.22,1.92,2015-03-23,0.12
,,2015-03-22,0.12
,,2015-03-21,0.12
0.22,1.93,2015-03-20,0.12
0.24,1.98,2015-03-19,0.12
0.21,1.93,2015-03-18,0.11
0.25,2.06,2015-03-17,0.12
0.24,2.1,2015-03-16,0.12
,,2015-03-15,0.11
,,2015-03-14,0.11
0.23,2.13,2015-03-13,0.11
0.23,2.1,2015-03-12,0.11
0.24,2.11,2015-03-11,0.11
0.24,2.14,2015-03-10,0.12
0.26,2.2,2015-03-09,0.12
,,2015-03-08,0.12
,,2015-03-07,0.12
0.26,2.24,2015-03-06,0.12
0.24,2.11,2015-03-05,0.11
0.25,2.12,2015-03-04,0.11
0.26,2.12,2015-03-03,0.12
0.19,2.08,2015-03-02,0.12
,,2015-03-01,0.06
,,2015-02-28,0.06
0.19,2.0,2015-02-27,0.06
0.19,2.03,2015-02-26,0.11
0.19,1.96,2015-02-25,0.11
0.2,1.99,2015-02-24,0.11
0.2,2.06,2015-02-23,0.11
,,2015-02-22,0.12
,,2015-02-21,0.12
0.21,2.13,2015-02-20,0.12
0.21,2.11,2015-02-19,0.12
0.21,2.07,2015-02-18,0.12
0.23,2.14,2015-02-17,0.12
-9999.0,-9999.0,2015-02-16,0.12
,,2015-02-15,0.12
,,2015-02-14,0.12
0.22,2.02,2015-02-13,0.12
0.22,1.99,2015-02-12,0.12
0.23,2.0,2015-02-11,0.12
0.24,2.01,2015-02-10,0.12
0.23,1.96,2015-02-09,0.12
,,2015-02-08,0.11
,,2015-02-07,0.11
0.25,1.95,2015-02-06,0.11
0.2,1.83,2015-02-05,0.12
0.2,1.81,2015-02-04,0.11
0.21,1.79,2015-02-03,0.12
0.15,1.68,2015-02-02,0.12
,,2015-02-01,0.06
,,2015-01-31,0.06
0.16,1.68,2015-01-30,0.06
0.15,1.77,2015-01-29,0.11
0.15,1.73,2015-01-28,0.12
0.15,1.83,2015-01-27,0.11
0.16,1.83,2015-01-26,0.12
,,2015-01-25,0.12
,,2015-01-24,0.12
0.16,1.81,2015-01-23,0.12
0.16,1.9,2015-01-22,0.12
0.16,1.87,2015-01-21,0.12
0.16,1.82,2015-01-20,0.12
-9999.0,-9999.0,2015-01-19,0.13
,,2015-01-18,0.13
,,2015-01-17,0.13
0.16,1.83,2015-01-16,0.13
0.15,1.77,2015-01-15,0.12
0.17,1.86,2015-01-14,0.12
0.19,1.91,2015-01-13,0.12
0.18,1.92,2015-01-12,0.12
,,2015-01-11,0.12
,,2015-01-10,0.12
0.21,1.98,2015-01-09,0.12
0.23,2.03,2015-01-08,0.12
0.25,1.96,2015-01-07,0.12
0.25,1.97,2015-01-06,0.12
0.23,2.04,2015-01-05,0.12
,,2015-01-04,0.12
,,2015-01-03,0.12
0.22,2.12,2015-01-02,0.12
-9999.0,-9999.0,2015-01-01,0.06
0.22,2.17,2014-12-31,0.06
0.2,2.2,2014-12-30,0.13
0.22,2.22,2014-12-29,0.13
,,2014-12-28,0.13
,,2014-12-27,0.13
0.24,2.25,2014-12-26,0.13
-9999.0,-9999.0,2014-12-25,0.13
0.24,2.27,2014-12-24,0.13
0.24,2.26,2014-12-23,0.13
0.26,2.17,2014-12-22,0.13
,,2014-12-21,0.13
,,2014-12-20,0.13
0.25,2.17,2014-12-19,0.13
0.24,2.22,2014-12-18,0.13
0.22,2.14,2014-12-17,0.13
0.2,2.07,2014-12-16,0.12
0.21,2.12,2014-12-15,0.11
,,2014-12-14,0.12
,,2014-12-13,0.12
0.19,2.1,2014-12-12,0.12
0.21,2.19,2014-12-11,0.12
0.21,2.18,2014-12-10,0.12
0.23,2.22,2014-12-09,0.12
0.15,2.26,2014-12-08,0.12
,,2014-12-07,0.12
,,2014-12-06,0.12
0.15,2.31,2014-12-05,0.12
0.12,2.25,2014-12-04,0.12
0.12,2.29,2014-12-03,0.12
0.12,2.28,2014-12-02,0.12
0.12,2.22,2014-12-01,0.13
,,2014-11-30,0.08
,,2014-11-29,0.08
0.12,2.18,2014-11-28,0.08
-9999.0,-9999.0,2014-11-27,0.1
0.13,2.24,2014-11-26,0.1
0.13,2.27,2014-11-25,0.1
0.13,2.3,2014-11-24,0.1
,,2014-11-23,0.1
,,2014-11-22,0.1
0.13,2.31,2014-11-21,0.1
0.13,2.34,2014-11-20,0.1
0.14,2.36,2014-11-19,0.1
0.13,2.32,2014-11-18,0.11
0.14,2.34,2014-11-17,0.1
,,2014-11-16,0.09
,,2014-11-15,0.09
0.15,2.32,2014-11-14,0.09
0.15,2.35,2014-11-13,0.09
0.14,2.37,2014-11-12,0.09
-9999.0,-9999.0,2014-11-11,0.09
0.1,2.38,2014-11-10,0.09
,,2014-11-09,0.09
,,2014-11-08,0.09
0.11,2.32,2014-11-07,0.09
0.11,2.39,2014-11-06,0.09
0.09,2.36,2014-11-05,0.09
0.1,2.35,2014-11-04,0.1
0.1,2.36,2014-11-03,0.09
,,2014-11-02,0.07
,,2014-11-01,0.07
0.1,2.35,2014-10-31,0.07
0.1,2.32,2014-10-30,0.09
0.1,2.34,2014-10-29,0.09
0.1,2.3,2014-10-28,0.09
0.1,2.27,2014-10-27,0.09
,,2014-10-26,0.09
,,2014-10-25,0.09
0.1,2.29,2014-10-24,0.09
0.1,2.29,2014-10-23,0.09
0.11,2.25,2014-10-22,0.09
0.1,2.23,2014-10-21,0.09
0.1,2.2,2014-10-20,0.09
,,2014-10-19,0.09
,,2014-10-18,0.09
0.11,2.22,2014-10-17,0.09
0.1,2.17,2014-10-16,0.09
0.1,2.15,2014-10-15,0.09
0.08,2.21,2014-10-14,0.09
-9999.0,-9999.0,2014-10-13,0.09
,,2014-10-12,0.09
,,2014-10-11,0.09
0.09,2.31,2014-10-10,0.09
0.09,2.34,2014-10-09,0.08
0.09,2.35,2014-10-08,0.09
0.09,2.36,2014-10-07,0.09
0.1,2.43,2014-10-06,0.09
,,2014-10-05,0.09
,,2014-10-04,0.09
0.09,2.45,2014-10-03,0.09
0.09,2.44,2014-10-02,0.09
0.09,2.42,2014-10-01,0.09
0.11,2.52,2014-09-30,0.07
0.1,2.5,2014-09-29,0.08
,,2014-09-28,0.09
,,2014-09-27,0.09
0.1,2.54,2014-09-26,0.09
0.09,2.52,2014-09-25,0.09
0.1,2.57,2014-09-24,0.09
0.1,2.54,2014-09-23,0.09
0.1,2.57,2014-09-22,0.09
,,2014-09-21,0.09
,,2014-09-20,0.09
0.11,2.59,2014-09-19,0.09
0.12,2.63,2014-09-18,0.09
0.12,2.62,2014-09-17,0.09
0.13,2.6,2014-09-16,0.09
0.1,2.6,2014-09-15,0.09
,,2014-09-14,0.09
,,2014-09-13,0.09
0.1,2.62,2014-09-12,0.09
0.09,2.54,2014-09-11,0.09
0.09,2.54,2014-09-10,0.09
0.1,2.5,2014-09-09,0.09
0.09,2.48,2014-09-08,0.09
,,2014-09-07,0.09
,,2014-09-06,0.09
0.09,2.46,2014-09-05,0.09
0.09,2.45,2014-09-04,0.09
0.1,2.41,2014-09-03,0.09
0.09,2.42,2014-09-02,0.09
-9999.0,-9999.0,2014-09-01,0.07
,,2014-08-31,0.07
,,2014-08-30,0.07
0.09,2.35,2014-08-29,0.07
0.1,2.34,2014-08-28,0.09
0.1,2.37,2014-08-27,0.09
0.11,2.39,2014-08-26,0.09
0.1,2.39,2014-08-25,0.09
,,2014-08-24,0.09
,,2014-08-23,0.09
0.1,2.4,2014-08-22,0.09
0.1,2.41,2014-08-21,0.09
0.12,2.43,2014-08-20,0.09
0.11,2.4,2014-08-19,0.09
0.09,2.39,2014-08-18,0.09
,,2014-08-17,0.09
,,2014-08-16,0.09
0.08,2.34,2014-08-15,0.09
0.09,2.4,2014-08-14,0.09
0.09,2.43,2014-08-13,0.09
0.09,2.46,2014-08-12,0.09
0.09,2.44,2014-08-11,0.09
,,2014-08-10,0.09
,,2014-08-09,0.09
0.09,2.44,2014-08-08,0.09
0.1,2.43,2014-08-07,0.09
0.1,2.49,2014-08-06,0.09
0.11,2.49,2014-08-05,0.09
0.11,2.51,2014-08-04,0.09
,,2014-08-03,0.09
,,2014-08-02,0.09
0.12,2.52,2014-08-01,0.09
0.11,2.58,2014-07-31,0.08
0.12,2.57,2014-07-30,0.09
0.11,2.47,2014-07-29,0.09
0.11,2.5,2014-07-28,0.09
,,2014-07-27,0.09
,,2014-07-26,0.09
0.11,2.48,2014-07-25,0.09
0.11,2.52,2014-07-24,0.09
0.11,2.48,2014-07-23,0.09
0.11,2.48,2014-07-22,0.09
0.09,2.49,2014-07-21,0.1
,,2014-07-20,0.09
,,2014-07-19,0.09
0.08,2.5,2014-07-18,0.09
0.09,2.47,2014-07-17,0.09
0.1,2.55,2014-07-16,0.09
0.1,2.56,2014-07-15,0.09
0.1,2.55,2014-07-14,0.09
,,2014-07-13,0.09
,,2014-07-12,0.09
0.1,2.53,2014-07-11,0.09
0.09,2.55,2014-07-10,0.09
0.1,2.57,2014-07-09,0.09
0.1,2.58,2014-07-08,0.09
0.11,2.63,2014-07-07,0.1
,,2014-07-06,0.09
,,2014-07-05,0.09
-9999.0,-9999.0,2014-07-04,0.09
0.1,2.65,2014-07-03,0.09
0.11,2.64,2014-07-02,0.1
0.1,2.58,2014-07-01,0.1
0.11,2.53,2014-06-30,0.09
,,2014-06-29,0.1
,,2014-06-28,0.1
0.1,2.54,2014-06-27,0.1
0.11,2.53,2014-06-26,0.1
0.11,2.57,2014-06-25,0.1
0.12,2.59,2014-06-24,0.1
0.08,2.63,2014-06-23,0.1
,,2014-06-22,0.1
,,2014-06-21,0.1
0.08,2.63,2014-06-20,0.1
0.08,2.64,2014-06-19,0.1
0.09,2.61,2014-06-18,0.1
0.1,2.66,2014-06-17,0.1
0.1,2.61,2014-06-16,0.1
,,2014-06-15,0.1
,,2014-06-14,0.1
0.1,2.6,2014-06-13,0.1
0.09,2.58,2014-06-12,0.09
0.1,2.65,2014-06-11,0.09
0.1,2.64,2014-06-10,0.09
0.1,2.62,2014-06-09,0.09
,,2014-06-08,0.09
,,2014-06-07,0.09
0.11,2.6,2014-06-06,0.09
0.1,2.59,2014-06-05,0.09
0.1,2.61,2014-06-04,0.09
0.1,2.6,2014-06-03,0.1
0.1,2.54,2014-06-02,0.09
,,2014-06-01,0.08
,,2014-05-31,0.08
0.1,2.48,2014-05-30,0.08
0.1,2.45,2014-05-29,0.09
0.1,2.44,2014-05-28,0.09
0.08,2.52,2014-05-27,0.09
-9999.0,-9999.0,2014-05-26,0.09
,,2014-05-25,0.09
,,2014-05-24,0.09
0.09,2.54,2014-05-23,0.09
0.08,2.56,2014-05-22,0.09
0.08,2.54,2014-05-21,0.09
0.08,2.52,2014-05-20,0.09
0.08,2.54,2014-05-19,0.09
,,2014-05-18,0.09
,,2014-05-17,0.09
0.08,2.52,2014-05-16,0.09
0.08,2.5,2014-05-15,0.09
0.09,2.54,2014-05-14,0.08
0.09,2.61,2014-05-13,0.09
0.09,2.66,2014-05-12,0.08
,,2014-05-11,0.08
,,2014-05-10,0.08
0.1,2.62,2014-05-09,0.08
0.1,2.61,2014-05-08,0.08
0.1,2.62,2014-05-07,0.08
0.1,2.61,2014-05-06,0.09
0.11,2.63,2014-05-05,0.09
,,2014-05-04,0.09
,,2014-05-03,0.09
0.1,2.6,2014-05-02,0.09
0.1,2.63,2014-05-01,0.09
0.11,2.67,2014-04-30,0.09
0.11,2.71,2014-04-29,0.1
0.09,2.7,2014-04-28,0.09
,,2014-04-27,0.09
,,2014-04-26,0.09
0.1,2.68,2014-04-25,0.09
0.09,2.7,2014-04-24,0.1
0.1,2.7,2014-04-23,0.1
0.1,2.73,2014-04-22,0.1
0.1,2.73,2014-04-21,0.1
,,2014-04-20,0.1
,,2014-04-19,0.1
-9999.0,-9999.0,2014-04-18,0.1
0.1,2.73,2014-04-17,0.09
0.1,2.65,2014-04-16,0.09
0.1,2.64,2014-04-15,0.1
0.1,2.65,2014-04-14,0.09
,,2014-04-13,0.09
,,2014-04-12,0.09
0.09,2.63,2014-04-11,0.09
0.09,2.65,2014-04-10,0.08
0.1,2.71,2014-04-09,0.08
0.11,2.69,2014-04-08,0.08
0.11,2.71,2014-04-07,0.09
,,2014-04-06,0.08
,,2014-04-05,0.08
0.11,2.74,2014-04-04,0.08
0.11,2.8,2014-04-03,0.08
0.12,2.82,2014-04-02,0.09
0.13,2.77,2014-04-01,0.08
0.12,2.73,2014-03-31,0.06
,,2014-03-30,0.08
,,2014-03-29,0.08
0.12,2.73,2014-03-28,0.08
0.11,2.69,2014-03-27,0.08
0.11,2.71,2014-03-26,0.08
0.12,2.75,2014-03-25,0.09
0.13,2.74,2014-03-24,0.09
,,2014-03-23,0.08
,,2014-03-22,0.08
0.13,2.75,2014-03-21,0.08
0.13,2.79,2014-03-20,0.08
0.14,2.78,2014-03-19,0.08
0.12,2.68,2014-03-18,0.08
0.12,2.7,2014-03-17,0.08
,,2014-03-16,0.08
,,2014-03-15,0.08
0.12,2.65,2014-03-14,0.08
0.12,2.66,2014-03-13,0.08
0.12,2.73,2014-03-12,0.08
0.13,2.77,2014-03-11,0.08
0.12,2.79,2014-03-10,0.08
,,2014-03-09,0.08
,,2014-03-08,0.08
0.13,2.8,2014-03-07,0.08
0.12,2.74,2014-03-06,0.08
0.13,2.7,2014-03-05,0.08
0.12,2.7,2014-03-04,0.07
0.11,2.6,2014-03-03,0.07
,,2014-03-02,0.06
,,2014-03-01,0.06
0.11,2.66,2014-02-28,0.06
0.1,2.65,2014-02-27,0.07
0.1,2.67,2014-02-26,0.07
0.1,2.7,2014-02-25,0.07
0.1,2.75,2014-02-24,0.07
,,2014-02-23,0.07
,,2014-02-22,0.07
0.11,2.73,2014-02-21,0.07
0.11,2.76,2014-02-20,0.07
0.1,2.73,2014-02-19,0.07
0.11,2.71,2014-02-18,0.07
-9999.0,-9999.0,2014-02-17,0.06
,,2014-02-16,0.06
,,2014-02-15,0.06
0.11,2.75,2014-02-14,0.06
0.12,2.73,2014-02-13,0.06
0.12,2.8,2014-02-12,0.07
0.12,2.75,2014-02-11,0.06
0.12,2.7,2014-02-10,0.07
,,2014-02-09,0.06
,,2014-02-08,0.06
0.12,2.71,2014-02-07,0.06
0.13,2.73,2014-02-06,0.07
0.12,2.7,2014-02-05,0.07
0.12,2.64,2014-02-04,0.07
0.1,2.61,2014-02-03,0.07
,,2014-02-02,0.07
,,2014-02-01,0.07
0.09,2.67,2014-01-31,0.07
0.09,2.72,2014-01-30,0.07
0.1,2.69,2014-01-29,0.07
0.1,2.77,2014-01-28,0.07
0.1,2.78,2014-01-27,0.07
,,2014-01-26,0.07
,,2014-01-25,0.07
0.1,2.75,2014-01-24,0.07
0.1,2.79,2014-01-23,0.07
0.1,2.87,2014-01-22,0.07
0.11,2.85,2014-01-21,0.07
-9999.0,-9999.0,2014-01-20,0.07
,,2014-01-19,0.07
,,2014-01-18,0.07
0.11,2.84,2014-01-17,0.07
0.11,2.86,2014-01-16,0.07
0.12,2.9,2014-01-15,0.07
0.11,2.88,2014-01-14,0.07
0.11,2.84,2014-01-13,0.07
,,2014-01-12,0.07
,,2014-01-11,0.07
0.12,2.88,2014-01-10,0.07
0.13,2.97,2014-01-09,0.07
0.13,3.01,2014-01-08,0.07
0.13,2.96,2014-01-07,0.07
0.11,2.98,2014-01-06,0.08
,,2014-01-05,0.08
,,2014-01-04,0.08
0.12,3.01,2014-01-03,0.08
0.12,3.0,2014-01-02,0.08
-9999.0,-9999.0,2014-01-01,0.07
0.12,3.04,2013-12-31,0.07
0.12,2.99,2013-12-30,0.08
,,2013-12-29,0.08
,,2013-12-28,0.08
0.11,3.02,2013-12-27,0.08
0.12,3.0,2013-12-26,0.08
-9999.0,-9999.0,2013-12-25,0.08
0.13,2.99,2013-12-24,0.08
0.13,2.94,2013-12-23,0.09
,,2013-12-22,0.09
,,2013-12-21,0.09
0.13,2.89,2013-12-20,0.09
0.13,2.94,2013-12-19,0.09
0.13,2.89,2013-12-18,0.09
0.14,2.85,2013-12-17,0.09
0.13,2.89,2013-12-16,0.09
,,2013-12-15,0.08
,,2013-12-14,0.08
0.14,2.88,2013-12-13,0.08
0.14,2.89,2013-12-12,0.09
0.13,2.86,2013-12-11,0.08
0.14,2.81,2013-12-10,0.09
0.12,2.86,2013-12-09,0.09
,,2013-12-08,0.09
,,2013-12-07,0.09
0.12,2.88,2013-12-06,0.09
0.12,2.88,2013-12-05,0.09
0.13,2.84,2013-12-04,0.09
0.12,2.79,2013-12-03,0.09
0.12,2.81,2013-12-02,0.09
,,2013-12-01,0.07
,,2013-11-30,0.07
0.12,2.75,2013-11-29,0.07
-9999.0,-9999.0,2013-11-28,0.09
0.12,2.74,2013-11-27,0.09
0.12,2.71,2013-11-26,0.09
0.13,2.74,2013-11-25,0.09
,,2013-11-24,0.09
,,2013-11-23,0.09
0.12,2.75,2013-11-22,0.09
0.12,2.79,2013-11-21,0.09
0.12,2.8,2013-11-20,0.09
0.14,2.71,2013-11-19,0.09
0.13,2.67,2013-11-18,0.09
,,2013-11-17,0.09
,,2013-11-16,0.09
0.13,2.71,2013-11-15,0.09
0.13,2.69,2013-11-14,0.09
0.13,2.75,2013-11-13,0.08
0.12,2.8,2013-11-12,0.08
-9999.0,-9999.0,2013-11-11,0.08
,,2013-11-10,0.08
,,2013-11-09,0.08
0.11,2.77,2013-11-08,0.08
0.1,2.63,2013-11-07,0.08
0.1,2.67,2013-11-06,0.08
0.09,2.69,2013-11-05,0.08
0.09,2.63,2013-11-04,0.08
,,2013-11-03,0.08
,,2013-11-02,0.08
0.09,2.65,2013-11-01,0.08
0.09,2.57,2013-10-31,0.07
0.1,2.55,2013-10-30,0.08
0.1,2.53,2013-10-29,0.08
0.1,2.54,2013-10-28,0.08
,,2013-10-27,0.08
,,2013-10-26,0.08
0.1,2.53,2013-10-25,0.08
0.11,2.53,2013-10-24,0.08
0.11,2.51,2013-10-23,0.08
0.1,2.54,2013-10-22,0.08
0.11,2.63,2013-10-21,0.09
,,2013-10-20,0.1
,,2013-10-19,0.1
0.12,2.6,2013-10-18,0.1
0.13,2.61,2013-10-17,0.1
0.15,2.69,2013-10-16,0.11
0.15,2.75,2013-10-15,0.1
-9999.0,-9999.0,2013-10-14,0.1
,,2013-10-13,0.1
,,2013-10-12,0.1
0.13,2.7,2013-10-11,0.1
0.13,2.71,2013-10-10,0.09
0.14,2.68,2013-10-09,0.09
0.14,2.66,2013-10-08,0.08
0.11,2.65,2013-10-07,0.08
,,2013-10-06,0.08
,,2013-10-05,0.08
0.1,2.66,2013-10-04,0.08
0.1,2.62,2013-10-03,0.08
0.1,2.63,2013-10-02,0.07
0.09,2.66,2013-10-01,0.08
0.09,2.64,2013-09-30,0.06
,,2013-09-29,0.08
,,2013-09-28,0.08
0.09,2.64,2013-09-27,0.08
0.09,2.66,2013-09-26,0.08
0.1,2.63,2013-09-25,0.08
0.1,2.67,2013-09-24,0.09
0.1,2.72,2013-09-23,0.09
,,2013-09-22,0.08
,,2013-09-21,0.08
0.11,2.75,2013-09-20,0.08
0.1,2.76,2013-09-19,0.09
0.11,2.69,2013-09-18,0.08
0.12,2.86,2013-09-17,0.08
0.11,2.88,2013-09-16,0.08
,,2013-09-15,0.08
,,2013-09-14,0.08
0.11,2.9,2013-09-13,0.08
0.11,2.92,2013-09-12,0.08
0.11,2.93,2013-09-11,0.08
0.11,2.96,2013-09-10,0.08
0.11,2.9,2013-09-09,0.08
,,2013-09-08,0.08
,,2013-09-07,0.08
0.13,2.94,2013-09-06,0.08
0.15,2.98,2013-09-05,0.08
0.13,2.9,2013-09-04,0.08
0.13,2.86,2013-09-03,0.09
-9999.0,-9999.0,2013-09-02,0.07
,,2013-09-01,0.07
,,2013-08-31,0.07
0.12,2.78,2013-08-30,0.07
0.13,2.75,2013-08-29,0.08
0.13,2.78,2013-08-28,0.07
0.12,2.72,2013-08-27,0.07
0.13,2.79,2013-08-26,0.08
,,2013-08-25,0.08
,,2013-08-24,0.08
0.14,2.82,2013-08-23,0.08
0.14,2.9,2013-08-22,0.09
0.14,2.87,2013-08-21,0.08
0.13,2.82,2013-08-20,0.09
0.12,2.88,2013-08-19,0.09
,,2013-08-18,0.09
,,2013-08-17,0.09
0.12,2.84,2013-08-16,0.09
0.12,2.77,2013-08-15,0.08
0.11,2.71,2013-08-14,0.09
0.11,2.71,2013-08-13,0.08
0.11,2.61,2013-08-12,0.08
,,2013-08-11,0.08
,,2013-08-10,0.08
0.1,2.57,2013-08-09,0.08
0.11,2.58,2013-08-08,0.09
0.11,2.61,2013-08-07,0.09
0.11,2.67,2013-08-06,0.09
0.11,2.67,2013-08-05,0.08
,,2013-08-04,0.09
,,2013-08-03,0.09
0.11,2.63,2013-08-02,0.09
0.12,2.74,2013-08-01,0.08
0.11,2.6,2013-07-31,0.09
0.11,2.63,2013-07-30,0.09
0.11,2.61,2013-07-29,0.08
,,2013-07-28,0.09
,,2013-07-27,0.09
0.11,2.58,2013-07-26,0.09
0.12,2.61,2013-07-25,0.09
0.12,2.61,2013-07-24,0.09
0.12,2.53,2013-07-23,0.09
0.09,2.5,2013-07-22,0.09
,,2013-07-21,0.09
,,2013-07-20,0.09
0.1,2.5,2013-07-19,0.09
0.1,2.56,2013-07-18,0.09
0.1,2.52,2013-07-17,0.09
0.09,2.55,2013-07-16,0.09
0.1,2.57,2013-07-15,0.09
,,2013-07-14,0.09
,,2013-07-13,0.09
0.11,2.61,2013-07-12,0.09
0.12,2.6,2013-07-11,0.09
0.12,2.7,2013-07-10,0.09
0.13,2.65,2013-07-09,0.1
0.13,2.65,2013-07-08,0.1
,,2013-07-07,0.1
,,2013-07-06,0.1
0.14,2.73,2013-07-05,0.1
-9999.0,-9999.0,2013-07-04,0.1
0.14,2.52,2013-07-03,0.1
0.14,2.48,2013-07-02,0.1
0.15,2.5,2013-07-01,0.1
,,2013-06-30,0.07
,,2013-06-29,0.07
0.15,2.52,2013-06-28,0.07
0.15,2.49,2013-06-27,0.09
0.16,2.55,2013-06-26,0.09
0.17,2.6,2013-06-25,0.09
0.14,2.57,2013-06-24,0.1
,,2013-06-23,0.1
,,2013-06-22,0.1
0.12,2.52,2013-06-21,0.1
0.13,2.41,2013-06-20,0.1
0.12,2.33,2013-06-19,0.1
0.12,2.2,2013-06-18,0.12
0.12,2.19,2013-06-17,0.11
,,2013-06-16,0.1
,,2013-06-15,0.1
0.12,2.14,2013-06-14,0.1
0.13,2.19,2013-06-13,0.09
0.13,2.25,2013-06-12,0.08
0.13,2.2,2013-06-11,0.09
0.13,2.22,2013-06-10,0.09
,,2013-06-09,0.09
,,2013-06-08,0.09
0.13,2.17,2013-06-07,0.09
0.13,2.08,2013-06-06,0.1
0.14,2.1,2013-06-05,0.09
0.14,2.14,2013-06-04,0.11
0.14,2.13,2013-06-03,0.1
,,2013-06-02,0.09
,,2013-06-01,0.09
0.14,2.16,2013-05-31,0.09
0.13,2.13,2013-05-30,0.08
0.14,2.13,2013-05-29,0.08
0.12,2.15,2013-05-28,0.09
-9999.0,-9999.0,2013-05-27,0.09
,,2013-05-26,0.09
,,2013-05-25,0.09
0.11,2.01,2013-05-24,0.09
0.11,2.02,2013-05-23,0.08
0.1,2.03,2013-05-22,0.08
0.11,1.94,2013-05-21,0.09
0.11,1.97,2013-05-20,0.1
,,2013-05-19,0.1
,,2013-05-18,0.1
0.11,1.95,2013-05-17,0.1
0.11,1.87,2013-05-16,0.11
0.11,1.94,2013-05-15,0.12
0.11,1.96,2013-05-14,0.11
0.12,1.92,2013-05-13,0.12
,,2013-05-12,0.12
,,2013-05-11,0.12
0.11,1.9,2013-05-10,0.12
0.11,1.81,2013-05-09,0.12
0.11,1.81,2013-05-08,0.12
0.1,1.82,2013-05-07,0.12
0.11,1.8,2013-05-06,0.14
,,2013-05-05,0.14
,,2013-05-04,0.14
0.11,1.78,2013-05-03,0.14
0.11,1.66,2013-05-02,0.15
0.11,1.66,2013-05-01,0.14
0.11,1.7,2013-04-30,0.14
0.11,1.7,2013-04-29,0.13
,,2013-04-28,0.13
,,2013-04-27,0.13
0.11,1.7,2013-04-26,0.13
0.11,1.74,2013-04-25,0.13
0.12,1.73,2013-04-24,0.13
0.11,1.74,2013-04-23,0.14
0.11,1.72,2013-04-22,0.15
,,2013-04-21,0.15
,,2013-04-20,0.15
0.11,1.73,2013-04-19,0.15
0.11,1.72,2013-04-18,0.15
0.12,1.73,2013-04-17,0.15
0.12,1.75,2013-04-16,0.15
0.12,1.72,2013-04-15,0.15
,,2013-04-14,0.15
,,2013-04-13,0.15
0.11,1.75,2013-04-12,0.15
0.12,1.82,2013-04-11,0.15
0.12,1.84,2013-04-10,0.15
0.13,1.78,2013-04-09,0.15
0.13,1.76,2013-04-08,0.15
,,2013-04-07,0.15
,,2013-04-06,0.15
0.13,1.72,2013-04-05,0.15
0.13,1.78,2013-04-04,0.14
0.13,1.83,2013-04-03,0.14
0.14,1.88,2013-04-02,0.15
0.13,1.86,2013-04-01,0.16
,,2013-03-31,0.09
,,2013-03-30,0.09
-9999.0,-9999.0,2013-03-29,0.09
0.13,1.87,2013-03-28,0.13
0.13,1.87,2013-03-27,0.12
0.13,1.92,2013-03-26,0.14
0.13,1.93,2013-03-25,0.15
,,2013-03-24,0.15
,,2013-03-23,0.15
0.13,1.93,2013-03-22,0.15
0.13,1.95,2013-03-21,0.16
0.14,1.96,2013-03-20,0.15
0.14,1.92,2013-03-19,0.15
0.14,1.96,2013-03-18,0.16
,,2013-03-17,0.16
,,2013-03-16,0.16
0.14,2.01,2013-03-15,0.16
0.15,2.04,2013-03-14,0.15
0.15,2.04,2013-03-13,0.14
0.15,2.03,2013-03-12,0.15
0.15,2.07,2013-03-11,0.16
,,2013-03-10,0.15
,,2013-03-09,0.15
0.15,2.06,2013-03-08,0.15
0.15,2.0,2013-03-07,0.16
0.15,1.95,2013-03-06,0.15
0.15,1.9,2013-03-05,0.15
0.15,1.88,2013-03-04,0.16
,,2013-03-03,0.14
,,2013-03-02,0.14
0.15,1.86,2013-03-01,0.14
0.16,1.89,2013-02-28,0.14
0.16,1.91,2013-02-27,0.14
0.16,1.88,2013-02-26,0.14
0.15,1.88,2013-02-25,0.15
,,2013-02-24,0.16
,,2013-02-23,0.16
0.16,1.97,2013-02-22,0.16
0.15,1.99,2013-02-21,0.16
0.16,2.02,2013-02-20,0.15
0.16,2.03,2013-02-19,0.15
-9999.0,-9999.0,2013-02-18,0.16
,,2013-02-17,0.16
,,2013-02-16,0.16
0.16,2.01,2013-02-15,0.16
0.16,2.0,2013-02-14,0.14
0.15,2.05,2013-02-13,0.14
0.14,2.02,2013-02-12,0.13
0.15,1.99,2013-02-11,0.14
,,2013-02-10,0.14
,,2013-02-09,0.14
0.14,1.99,2013-02-08,0.14
0.15,1.99,2013-02-07,0.13
0.15,2.0,2013-02-06,0.13
0.15,2.04,2013-02-05,0.13
0.14,2.0,2013-02-04,0.13
,,2013-02-03,0.14
,,2013-02-02,0.14
0.14,2.04,2013-02-01,0.14
0.14,2.02,2013-01-31,0.15
0.14,2.03,2013-01-30,0.12
0.14,2.03,2013-01-29,0.12
0.15,2.0,2013-01-28,0.14
,,2013-01-27,0.14
,,2013-01-26,0.14
0.14,1.98,2013-01-25,0.14
0.14,1.88,2013-01-24,0.15
0.14,1.86,2013-01-23,0.13
0.13,1.86,2013-01-22,0.14
-9999.0,-9999.0,2013-01-21,0.14
,,2013-01-20,0.14
,,2013-01-19,0.14
0.14,1.87,2013-01-18,0.14
0.14,1.89,2013-01-17,0.14
0.14,1.84,2013-01-16,0.14
0.14,1.86,2013-01-15,0.15
0.14,1.89,2013-01-14,0.14
,,2013-01-13,0.14
,,2013-01-12,0.14
0.14,1.89,2013-01-11,0.14
0.14,1.91,2013-01-10,0.14
0.13,1.88,2013-01-09,0.14
0.14,1.89,2013-01-08,0.15
0.14,1.92,2013-01-07,0.16
,,2013-01-06,0.16
,,2013-01-05,0.16
0.14,1.93,2013-01-04,0.16
0.14,1.92,2013-01-03,0.17
0.14,1.86,2013-01-02,0.17
-9999.0,-9999.0,2013-01-01,0.09
0.15,1.78,2012-12-31,0.09
,,2012-12-30,0.17
,,2012-12-29,0.17
0.14,1.73,2012-12-28,0.17
0.14,1.74,2012-12-27,0.17
0.15,1.77,2012-12-26,0.17
-9999.0,-9999.0,2012-12-25,0.18
0.15,1.79,2012-12-24,0.18
,,2012-12-23,0.17
,,2012-12-22,0.17
0.15,1.77,2012-12-21,0.17
0.15,1.81,2012-12-20,0.17
0.15,1.82,2012-12-19,0.17
0.16,1.84,2012-12-18,0.17
0.13,1.78,2012-12-17,0.16
,,2012-12-16,0.17
,,2012-12-15,0.17
0.13,1.72,2012-12-14,0.17
0.14,1.74,2012-12-13,0.16
0.14,1.72,2012-12-12,0.17
0.16,1.66,2012-12-11,0.17
0.17,1.63,2012-12-10,0.16
,,2012-12-09,0.16
,,2012-12-08,0.16
0.17,1.64,2012-12-07,0.16
0.17,1.59,2012-12-06,0.16
0.17,1.6,2012-12-05,0.16
0.17,1.62,2012-12-04,0.17
0.17,1.63,2012-12-03,0.16
,,2012-12-02,0.16
,,2012-12-01,0.16
0.17,1.62,2012-11-30,0.16
0.17,1.62,2012-11-29,0.16
0.17,1.63,2012-11-28,0.16
0.17,1.64,2012-11-27,0.16
0.16,1.66,2012-11-26,0.16
,,2012-11-25,0.16
,,2012-11-24,0.16
0.18,1.7,2012-11-23,0.16
-9999.0,-9999.0,2012-11-22,0.16
0.17,1.69,2012-11-21,0.16
0.16,1.66,2012-11-20,0.16
0.16,1.61,2012-11-19,0.16
,,2012-11-18,0.16
,,2012-11-17,0.16
0.16,1.58,2012-11-16,0.16
0.17,1.58,2012-11-15,0.16
0.18,1.59,2012-11-14,0.16
0.17,1.59,2012-11-13,0.16
-9999.0,-9999.0,2012-11-12,0.16
,,2012-11-11,0.16
,,2012-11-10,0.16
0.17,1.61,2012-11-09,0.16
0.19,1.62,2012-11-08,0.16
0.17,1.68,2012-11-07,0.16
0.18,1.78,2012-11-06,0.16
0.18,1.72,2012-11-05,0.17
,,2012-11-04,0.16
,,2012-11-03,0.16
0.18,1.75,2012-11-02,0.16
0.17,1.75,2012-11-01,0.17
0.17,1.72,2012-10-31,0.18
-9999.0,-9999.0,2012-10-30,0.17
0.17,1.74,2012-10-29,0.17
,,2012-10-28,0.16
,,2012-10-27,0.16
0.18,1.78,2012-10-26,0.16
0.18,1.86,2012-10-25,0.16
0.18,1.8,2012-10-24,0.17
0.18,1.79,2012-10-23,0.15
0.19,1.83,2012-10-22,0.15
,,2012-10-21,0.16
,,2012-10-20,0.16
0.18,1.79,2012-10-19,0.16
0.18,1.86,2012-10-18,0.15
0.18,1.83,2012-10-17,0.15
0.18,1.75,2012-10-16,0.16
0.18,1.7,2012-10-15,0.16
,,2012-10-14,0.16
,,2012-10-13,0.16
0.17,1.69,2012-10-12,0.16
0.17,1.7,2012-10-11,0.16
0.17,1.72,2012-10-10,0.16
0.17,1.74,2012-10-09,0.16
-9999.0,-9999.0,2012-10-08,0.15
,,2012-10-07,0.15
,,2012-10-06,0.15
0.17,1.75,2012-10-05,0.15
0.17,1.7,2012-10-04,0.15
0.15,1.64,2012-10-03,0.16
0.16,1.64,2012-10-02,0.16
0.16,1.64,2012-10-01,0.15
,,2012-09-30,0.09
,,2012-09-29,0.09
0.17,1.65,2012-09-28,0.09
0.16,1.66,2012-09-27,0.14
0.17,1.64,2012-09-26,0.15
0.18,1.7,2012-09-25,0.15
0.18,1.74,2012-09-24,0.16
,,2012-09-23,0.15
,,2012-09-22,0.15
0.18,1.77,2012-09-21,0.15
0.18,1.8,2012-09-20,0.16
0.18,1.79,2012-09-19,0.15
0.18,1.82,2012-09-18,0.16
0.17,1.85,2012-09-17,0.16
,,2012-09-16,0.16
,,2012-09-15,0.16
0.17,1.88,2012-09-14,0.16
0.16,1.75,2012-09-13,0.15
0.17,1.77,2012-09-12,0.15
0.17,1.7,2012-09-11,0.15
0.17,1.68,2012-09-10,0.15
,,2012-09-09,0.15
,,2012-09-08,0.15
0.17,1.67,2012-09-07,0.15
0.17,1.68,2012-09-06,0.16
0.16,1.6,2012-09-05,0.16
0.16,1.59,2012-09-04,0.14
-9999.0,-9999.0,2012-09-03,0.13
,,2012-09-02,0.13
,,2012-09-01,0.13
0.16,1.57,2012-08-31,0.13
0.17,1.63,2012-08-30,0.14
0.18,1.66,2012-08-29,0.13
0.18,1.64,2012-08-28,0.13
0.18,1.65,2012-08-27,0.13
,,2012-08-26,0.13
,,2012-08-25,0.13
0.19,1.68,2012-08-24,0.13
0.19,1.68,2012-08-23,0.13
0.19,1.71,2012-08-22,0.13
0.2,1.8,2012-08-21,0.13
0.18,1.82,2012-08-20,0.13
,,2012-08-19,0.13
,,2012-08-18,0.13
0.19,1.81,2012-08-17,0.13
0.19,1.83,2012-08-16,0.13
0.18,1.8,2012-08-15,0.13
0.18,1.73,2012-08-14,0.13
0.18,1.65,2012-08-13,0.13
,,2012-08-12,0.13
,,2012-08-11,0.13
0.17,1.65,2012-08-10,0.13
0.19,1.69,2012-08-09,0.13
0.18,1.68,2012-08-08,0.13
0.18,1.66,2012-08-07,0.13
0.16,1.59,2012-08-06,0.14
,,2012-08-05,0.14
,,2012-08-04,0.14
0.16,1.6,2012-08-03,0.14
0.17,1.51,2012-08-02,0.14
0.17,1.56,2012-08-01,0.14
0.16,1.51,2012-07-31,0.13
0.18,1.53,2012-07-30,0.14
,,2012-07-29,0.14
,,2012-07-28,0.14
0.17,1.58,2012-07-27,0.14
0.18,1.45,2012-07-26,0.14
0.17,1.43,2012-07-25,0.15
0.18,1.44,2012-07-24,0.15
0.16,1.47,2012-07-23,0.14
,,2012-07-22,0.13
,,2012-07-21,0.13
0.16,1.49,2012-07-20,0.13
0.16,1.54,2012-07-19,0.13
0.17,1.52,2012-07-18,0.16
0.17,1.53,2012-07-17,0.17
0.17,1.5,2012-07-16,0.18
,,2012-07-15,0.19
,,2012-07-14,0.19
0.19,1.52,2012-07-13,0.19
0.19,1.5,2012-07-12,0.18
0.19,1.54,2012-07-11,0.17
0.19,1.53,2012-07-10,0.17
0.19,1.53,2012-07-09,0.17
,,2012-07-08,0.17
,,2012-07-07,0.17
0.2,1.57,2012-07-06,0.17
0.19,1.62,2012-07-05,0.17
-9999.0,-9999.0,2012-07-04,0.17
0.21,1.65,2012-07-03,0.17
0.21,1.61,2012-07-02,0.18
,,2012-07-01,0.09
,,2012-06-30,0.09
0.21,1.67,2012-06-29,0.09
0.22,1.6,2012-06-28,0.15
0.21,1.65,2012-06-27,0.15
0.21,1.66,2012-06-26,0.16
0.18,1.63,2012-06-25,0.17
,,2012-06-24,0.17
,,2012-06-23,0.17
0.18,1.69,2012-06-22,0.17
0.18,1.63,2012-06-21,0.17
0.19,1.65,2012-06-20,0.16
0.17,1.64,2012-06-19,0.17
0.17,1.59,2012-06-18,0.17
,,2012-06-17,0.18
,,2012-06-16,0.18
0.17,1.6,2012-06-15,0.18
0.17,1.64,2012-06-14,0.17
0.17,1.61,2012-06-13,0.17
0.18,1.67,2012-06-12,0.16
0.17,1.6,2012-06-11,0.17
,,2012-06-10,0.17
,,2012-06-09,0.17
0.18,1.65,2012-06-08,0.17
0.18,1.66,2012-06-07,0.16
0.18,1.66,2012-06-06,0.16
0.18,1.57,2012-06-05,0.17
0.18,1.53,2012-06-04,0.17
,,2012-06-03,0.16
,,2012-06-02,0.16
0.17,1.47,2012-06-01,0.16
0.18,1.59,2012-05-31,0.16
0.19,1.63,2012-05-30,0.16
0.19,1.74,2012-05-29,0.16
-9999.0,-9999.0,2012-05-28,0.15
,,2012-05-27,0.15
,,2012-05-26,0.15
0.19,1.75,2012-05-25,0.15
0.2,1.77,2012-05-24,0.15
0.19,1.73,2012-05-23,0.15
0.2,1.79,2012-05-22,0.16
0.2,1.75,2012-05-21,0.16
,,2012-05-20,0.16
,,2012-05-19,0.16
0.19,1.71,2012-05-18,0.16
0.19,1.7,2012-05-17,0.16
0.19,1.76,2012-05-16,0.16
0.18,1.76,2012-05-15,0.16
0.18,1.78,2012-05-14,0.16
,,2012-05-13,0.15
,,2012-05-12,0.15
0.18,1.84,2012-05-11,0.15
0.18,1.89,2012-05-10,0.15
0.18,1.87,2012-05-09,0.15
0.18,1.88,2012-05-08,0.16
0.18,1.92,2012-05-07,0.16
,,2012-05-06,0.16
,,2012-05-05,0.16
0.18,1.91,2012-05-04,0.16
0.19,1.96,2012-05-03,0.15
0.18,1.96,2012-05-02,0.15
0.19,1.98,2012-05-01,0.16
0.19,1.95,2012-04-30,0.16
,,2012-04-29,0.13
,,2012-04-28,0.13
0.18,1.96,2012-04-27,0.13
0.17,1.98,2012-04-26,0.14
0.17,2.01,2012-04-25,0.15
0.17,2.0,2012-04-24,0.14
0.16,1.96,2012-04-23,0.13
,,2012-04-22,0.12
,,2012-04-21,0.12
0.17,1.99,2012-04-20,0.12
0.16,1.98,2012-04-19,0.13
0.17,2.0,2012-04-18,0.15
0.17,2.03,2012-04-17,0.16
0.17,2.0,2012-04-16,0.15
,,2012-04-15,0.15
,,2012-04-14,0.15
0.17,2.02,2012-04-13,0.15
0.18,2.08,2012-04-12,0.15
0.18,2.05,2012-04-11,0.16
0.19,2.01,2012-04-10,0.15
0.19,2.06,2012-04-09,0.16
,,2012-04-08,0.12
,,2012-04-07,0.12
0.19,2.07,2012-04-06,0.12
0.19,2.19,2012-04-05,0.15
0.19,2.25,2012-04-04,0.15
0.2,2.3,2012-04-03,0.15
0.17,2.22,2012-04-02,0.15
,,2012-04-01,0.09
,,2012-03-31,0.09
0.18,2.23,2012-03-30,0.09
0.17,2.18,2012-03-29,0.13
0.17,2.21,2012-03-28,0.13
0.17,2.2,2012-03-27,0.14
0.18,2.26,2012-03-26,0.14
,,2012-03-25,0.14
,,2012-03-24,0.14
0.18,2.25,2012-03-23,0.14
0.18,2.29,2012-03-22,0.14
0.2,2.31,2012-03-21,0.15
0.21,2.38,2012-03-20,0.15
0.2,2.39,2012-03-19,0.15
,,2012-03-18,0.15
,,2012-03-17,0.15
0.2,2.31,2012-03-16,0.15
0.2,2.29,2012-03-15,0.14
0.2,2.29,2012-03-14,0.13
0.19,2.14,2012-03-13,0.12
0.18,2.04,2012-03-12,0.12
,,2012-03-11,0.12
,,2012-03-10,0.12
0.18,2.04,2012-03-09,0.12
0.18,2.03,2012-03-08,0.11
0.18,1.98,2012-03-07,0.11
0.17,1.96,2012-03-06,0.11
0.16,2.0,2012-03-05,0.11
,,2012-03-04,0.11
,,2012-03-03,0.11
0.16,1.99,2012-03-02,0.11
0.17,2.03,2012-03-01,0.11
0.17,1.98,2012-02-29,0.1
0.17,1.94,2012-02-28,0.1
0.16,1.92,2012-02-27,0.1
,,2012-02-26,0.09
,,2012-02-25,0.09
0.17,1.98,2012-02-24,0.09
0.16,1.99,2012-02-23,0.08
0.16,2.01,2012-02-22,0.08
0.16,2.05,2012-02-21,0.1
-9999.0,-9999.0,2012-02-20,0.09
,,2012-02-19,0.09
,,2012-02-18,0.09
0.17,2.01,2012-02-17,0.09
0.16,1.99,2012-02-16,0.11
0.17,1.93,2012-02-15,0.12
0.17,1.92,2012-02-14,0.12
0.15,1.99,2012-02-13,0.12
,,2012-02-12,0.12
,,2012-02-11,0.12
0.15,1.96,2012-02-10,0.12
0.15,2.04,2012-02-09,0.11
0.15,2.01,2012-02-08,0.11
0.14,2.0,2012-02-07,0.11
0.13,1.93,2012-02-06,0.11
,,2012-02-05,0.11
,,2012-02-04,0.11
0.13,1.97,2012-02-03,0.11
0.13,1.86,2012-02-02,0.11
0.12,1.87,2012-02-01,0.11
0.12,1.83,2012-01-31,0.11
0.11,1.87,2012-01-30,0.09
,,2012-01-29,0.09
,,2012-01-28,0.09
0.11,1.93,2012-01-27,0.09
0.11,1.96,2012-01-26,0.08
0.11,2.01,2012-01-25,0.08
0.11,2.08,2012-01-24,0.09
0.11,2.09,2012-01-23,0.09
,,2012-01-22,0.09
,,2012-01-21,0.09
0.11,2.05,2012-01-20,0.09
0.11,2.01,2012-01-19,0.1
0.11,1.92,2012-01-18,0.09
0.11,1.87,2012-01-17,0.09
-9999.0,-9999.0,2012-01-16,0.09
,,2012-01-15,0.09
,,2012-01-14,0.09
0.1,1.89,2012-01-13,0.09
0.11,1.94,2012-01-12,0.08
0.11,1.93,2012-01-11,0.08
0.11,2.0,2012-01-10,0.08
0.1,1.98,2012-01-09,0.08
,,2012-01-08,0.07
,,2012-01-07,0.07
0.11,1.98,2012-01-06,0.07
0.1,2.02,2012-01-05,0.07
0.11,2.0,2012-01-04,0.07
0.11,1.97,2012-01-03,0.07
-9999.0,-9999.0,2012-01-02,0.04
,,2012-01-01,0.04
,,2011-12-31,0.04
0.11,1.89,2011-12-30,0.04
0.11,1.91,2011-12-29,0.07
0.11,1.93,2011-12-28,0.07
0.11,2.02,2011-12-27,0.07
-9999.0,-9999.0,2011-12-26,0.08
,,2011-12-25,0.08
,,2011-12-24,0.08
0.11,2.03,2011-12-23,0.08
0.11,1.97,2011-12-22,0.07
0.12,1.98,2011-12-21,0.07
0.12,1.94,2011-12-20,0.07
0.11,1.82,2011-12-19,0.07
,,2011-12-18,0.07
,,2011-12-17,0.07
0.11,1.86,2011-12-16,0.07
0.12,1.92,2011-12-15,0.07
0.12,1.92,2011-12-14,0.07
0.11,1.96,2011-12-13,0.07
0.09,2.03,2011-12-12,0.07
,,2011-12-11,0.07
,,2011-12-10,0.07
0.1,2.07,2011-12-09,0.07
0.09,1.99,2011-12-08,0.07
0.1,2.02,2011-12-07,0.08
0.1,2.08,2011-12-06,0.08
0.1,2.04,2011-12-05,0.08
,,2011-12-04,0.08
,,2011-12-03,0.08
0.11,2.05,2011-12-02,0.08
0.11,2.11,2011-12-01,0.08
0.11,2.08,2011-11-30,0.1
0.13,2.0,2011-11-29,0.08
0.12,1.97,2011-11-28,0.08
,,2011-11-27,0.07
,,2011-11-26,0.07
0.12,1.97,2011-11-25,0.07
-9999.0,-9999.0,2011-11-24,0.09
0.11,1.89,2011-11-23,0.09
0.11,1.94,2011-11-22,0.08
0.11,1.97,2011-11-21,0.08
,,2011-11-20,0.08
,,2011-11-19,0.08
0.12,2.01,2011-11-18,0.08
0.1,1.96,2011-11-17,0.08
0.11,2.01,2011-11-16,0.08
0.11,2.06,2011-11-15,0.09
0.08,2.04,2011-11-14,0.08
,,2011-11-13,0.08
,,2011-11-12,0.08
-9999.0,-9999.0,2011-11-11,0.08
0.09,2.04,2011-11-10,0.08
0.09,2.0,2011-11-09,0.08
0.09,2.1,2011-11-08,0.08
0.08,2.04,2011-11-07,0.08
,,2011-11-06,0.08
,,2011-11-05,0.08
0.1,2.06,2011-11-04,0.08
0.1,2.09,2011-11-03,0.09
0.1,2.03,2011-11-02,0.08
0.12,2.01,2011-11-01,0.08
0.11,2.17,2011-10-31,0.09
,,2011-10-30,0.07
,,2011-10-29,0.07
0.12,2.34,2011-10-28,0.07
0.13,2.42,2011-10-27,0.07
0.12,2.23,2011-10-26,0.08
0.11,2.14,2011-10-25,0.07
0.11,2.25,2011-10-24,0.07
,,2011-10-23,0.07
,,2011-10-22,0.07
0.12,2.23,2011-10-21,0.07
0.12,2.2,2011-10-20,0.07
0.11,2.18,2011-10-19,0.07
0.12,2.19,2011-10-18,0.07
0.11,2.18,2011-10-17,0.07
,,2011-10-16,0.07
,,2011-10-15,0.07
0.1,2.26,2011-10-14,0.07
0.1,2.19,2011-10-13,0.07
0.08,2.24,2011-10-12,0.07
0.11,2.18,2011-10-11,0.07
-9999.0,-9999.0,2011-10-10,0.07
,,2011-10-09,0.07
,,2011-10-08,0.07
0.1,2.1,2011-10-07,0.07
0.08,2.01,2011-10-06,0.07
0.09,1.92,2011-10-05,0.07
0.1,1.81,2011-10-04,0.07
0.11,1.8,2011-10-03,0.08
,,2011-10-02,0.06
,,2011-10-01,0.06
0.12,1.92,2011-09-30,0.06
0.1,1.99,2011-09-29,0.08
0.11,2.03,2011-09-28,0.08
0.1,2.0,2011-09-27,0.08
0.1,1.91,2011-09-26,0.08
,,2011-09-25,0.08
,,2011-09-24,0.08
0.1,1.84,2011-09-23,0.08
0.1,1.72,2011-09-22,0.08
0.11,1.88,2011-09-21,0.08
0.09,1.95,2011-09-20,0.09
0.07,1.97,2011-09-19,0.09
,,2011-09-18,0.09
,,2011-09-17,0.09
0.08,2.08,2011-09-16,0.09
0.09,2.09,2011-09-15,0.09
0.08,2.03,2011-09-14,0.08
0.09,2.0,2011-09-13,0.09
0.1,1.94,2011-09-12,0.09
,,2011-09-11,0.09
,,2011-09-10,0.09
0.1,1.93,2011-09-09,0.09
0.11,2.0,2011-09-08,0.09
0.1,2.05,2011-09-07,0.09
0.12,1.98,2011-09-06,0.09
-9999.0,-9999.0,2011-09-05,0.08
,,2011-09-04,0.08
,,2011-09-03,0.08
0.1,2.02,2011-09-02,0.08
0.1,2.15,2011-09-01,0.08
0.1,2.23,2011-08-31,0.08
0.09,2.19,2011-08-30,0.08
0.09,2.28,2011-08-29,0.09
,,2011-08-28,0.09
,,2011-08-27,0.09
0.09,2.19,2011-08-26,0.09
0.1,2.23,2011-08-25,0.08
0.11,2.29,2011-08-24,0.08
0.1,2.15,2011-08-23,0.08
0.08,2.1,2011-08-22,0.09
,,2011-08-21,0.09
,,2011-08-20,0.09
0.09,2.07,2011-08-19,0.09
0.09,2.08,2011-08-18,0.09
0.11,2.17,2011-08-17,0.09
0.11,2.23,2011-08-16,0.09
0.11,2.29,2011-08-15,0.1
,,2011-08-14,0.1
,,2011-08-13,0.1
0.1,2.24,2011-08-12,0.1
0.1,2.34,2011-08-11,0.09
0.09,2.17,2011-08-10,0.1
0.1,2.2,2011-08-09,0.1
0.11,2.4,2011-08-08,0.11
,,2011-08-07,0.08
,,2011-08-06,0.08
0.1,2.58,2011-08-05,0.08
0.11,2.47,2011-08-04,0.09
0.15,2.64,2011-08-03,0.12
0.16,2.66,2011-08-02,0.16
0.21,2.77,2011-08-01,0.17
,,2011-07-31,0.11
,,2011-07-30,0.11
0.2,2.82,2011-07-29,0.11
0.21,2.98,2011-07-28,0.08
0.21,3.01,2011-07-27,0.07
0.21,2.99,2011-07-26,0.06
0.18,3.03,2011-07-25,0.06
,,2011-07-24,0.06
,,2011-07-23,0.06
0.18,2.99,2011-07-22,0.06
0.18,3.03,2011-07-21,0.06
0.17,2.96,2011-07-20,0.06
0.16,2.91,2011-07-19,0.06
0.14,2.94,2011-07-18,0.06
,,2011-07-17,0.06
,,2011-07-16,0.06
0.14,2.94,2011-07-15,0.06
0.14,2.98,2011-07-14,0.06
0.15,2.92,2011-07-13,0.06
0.17,2.92,2011-07-12,0.06
0.16,2.94,2011-07-11,0.07
,,2011-07-10,0.07
,,2011-07-09,0.07
0.16,3.03,2011-07-08,0.07
0.19,3.17,2011-07-07,0.07
0.18,3.12,2011-07-06,0.07
0.18,3.16,2011-07-05,0.08
-9999.0,-9999.0,2011-07-04,0.08
,,2011-07-03,0.08
,,2011-07-02,0.08
0.19,3.22,2011-07-01,0.08
0.19,3.18,2011-06-30,0.07
0.19,3.14,2011-06-29,0.07
0.21,3.05,2011-06-28,0.08
0.16,2.95,2011-06-27,0.08
,,2011-06-26,0.08
,,2011-06-25,0.08
0.15,2.88,2011-06-24,0.08
0.14,2.93,2011-06-23,0.08
0.15,3.01,2011-06-22,0.09
0.17,2.99,2011-06-21,0.09
0.17,2.97,2011-06-20,0.09
,,2011-06-19,0.1
,,2011-06-18,0.1
0.16,2.94,2011-06-17,0.1
0.17,2.93,2011-06-16,0.1
0.18,2.98,2011-06-15,0.1
0.18,3.11,2011-06-14,0.1
0.17,3.0,2011-06-13,0.1
,,2011-06-12,0.09
,,2011-06-11,0.09
0.18,2.99,2011-06-10,0.09
0.18,3.01,2011-06-09,0.09
0.17,2.98,2011-06-08,0.09
0.17,3.01,2011-06-07,0.09
0.17,3.01,2011-06-06,0.1
,,2011-06-05,0.11
,,2011-06-04,0.11
0.18,2.99,2011-06-03,0.11
0.19,3.04,2011-06-02,0.1
0.18,2.96,2011-06-01,0.1
0.16,3.05,2011-05-31,0.1
-9999.0,-9999.0,2011-05-30,0.1
,,2011-05-29,0.1
,,2011-05-28,0.1
0.16,3.07,2011-05-27,0.1
0.16,3.07,2011-05-26,0.09
0.17,3.13,2011-05-25,0.09
0.18,3.12,2011-05-24,0.1
0.18,3.13,2011-05-23,0.1
,,2011-05-22,0.1
,,2011-05-21,0.1
0.16,3.15,2011-05-20,0.1
0.18,3.17,2011-05-19,0.09
0.17,3.18,2011-05-18,0.1
0.17,3.12,2011-05-17,0.09
0.17,3.15,2011-05-16,0.1
,,2011-05-15,0.09
,,2011-05-14,0.09
0.18,3.18,2011-05-13,0.09
0.17,3.22,2011-05-12,0.09
0.17,3.19,2011-05-11,0.09
0.18,3.23,2011-05-10,0.09
0.16,3.17,2011-05-09,0.09
,,2011-05-08,0.09
,,2011-05-07,0.09
0.17,3.19,2011-05-06,0.09
0.19,3.18,2011-05-05,0.09
0.19,3.25,2011-05-04,0.09
0.2,3.28,2011-05-03,0.09
0.19,3.31,2011-05-02,0.09
,,2011-05-01,0.09
,,2011-04-30,0.09
0.19,3.32,2011-04-29,0.09
0.21,3.34,2011-04-28,0.09
0.2,3.39,2011-04-27,0.09
0.2,3.34,2011-04-26,0.09
0.21,3.39,2011-04-25,0.1
,,2011-04-24,0.1
,,2011-04-23,0.1
-9999.0,-9999.0,2011-04-22,0.1
0.21,3.42,2011-04-21,0.1
0.22,3.43,2011-04-20,0.1
0.22,3.39,2011-04-19,0.11
0.22,3.4,2011-04-18,0.1
,,2011-04-17,0.12
,,2011-04-16,0.12
0.23,3.43,2011-04-15,0.12
0.24,3.51,2011-04-14,0.09
0.22,3.49,2011-04-13,0.08
0.23,3.52,2011-04-12,0.08
0.25,3.59,2011-04-11,0.09
,,2011-04-10,0.09
,,2011-04-09,0.09
0.26,3.59,2011-04-08,0.09
0.26,3.58,2011-04-07,0.1
0.28,3.56,2011-04-06,0.1
0.29,3.5,2011-04-05,0.09
0.2,3.45,2011-04-04,0.09
,,2011-04-03,0.11
,,2011-04-02,0.11
0.23,3.46,2011-04-01,0.11
0.26,3.47,2011-03-31,0.1
0.27,3.47,2011-03-30,0.13
0.28,3.5,2011-03-29,0.13
0.27,3.47,2011-03-28,0.13
,,2011-03-27,0.13
,,2011-03-26,0.13
0.27,3.46,2011-03-25,0.13
0.24,3.42,2011-03-24,0.13
0.22,3.36,2011-03-23,0.14
0.23,3.34,2011-03-22,0.14
0.23,3.34,2011-03-21,0.14
,,2011-03-20,0.15
,,2011-03-19,0.15
0.22,3.28,2011-03-18,0.15
0.23,3.25,2011-03-17,0.14
0.2,3.22,2011-03-16,0.14
0.22,3.33,2011-03-15,0.14
0.21,3.36,2011-03-14,0.14
,,2011-03-13,0.13
,,2011-03-12,0.13
0.23,3.4,2011-03-11,0.13
0.24,3.37,2011-03-10,0.14
0.25,3.48,2011-03-09,0.14
0.26,3.56,2011-03-08,0.14
0.23,3.51,2011-03-07,0.14
,,2011-03-06,0.15
,,2011-03-05,0.15
0.24,3.49,2011-03-04,0.15
0.26,3.58,2011-03-03,0.15
0.24,3.46,2011-03-02,0.16
0.23,3.41,2011-03-01,0.15
0.24,3.42,2011-02-28,0.16
,,2011-02-27,0.15
,,2011-02-26,0.15
0.25,3.42,2011-02-25,0.15
0.24,3.46,2011-02-24,0.15
0.25,3.49,2011-02-23,0.15
0.26,3.46,2011-02-22,0.15
-9999.0,-9999.0,2011-02-21,0.15
,,2011-02-20,0.15
,,2011-02-19,0.15
0.27,3.59,2011-02-18,0.15
0.26,3.58,2011-02-17,0.15
0.28,3.62,2011-02-16,0.15
0.29,3.61,2011-02-15,0.16
0.29,3.62,2011-02-14,0.15
,,2011-02-13,0.15
,,2011-02-12,0.15
0.29,3.64,2011-02-11,0.15
0.29,3.7,2011-02-10,0.15
0.3,3.65,2011-02-09,0.15
0.31,3.75,2011-02-08,0.16
0.28,3.68,2011-02-07,0.17
,,2011-02-06,0.17
,,2011-02-05,0.17
0.28,3.68,2011-02-04,0.17
0.27,3.58,2011-02-03,0.17
0.26,3.52,2011-02-02,0.18
0.25,3.48,2011-02-01,0.18
0.24,3.42,2011-01-31,0.17
,,2011-01-30,0.17
,,2011-01-29,0.17
0.23,3.36,2011-01-28,0.17
0.24,3.42,2011-01-27,0.17
0.26,3.45,2011-01-26,0.17
0.26,3.35,2011-01-25,0.17
0.27,3.43,2011-01-24,0.18
,,2011-01-23,0.17
,,2011-01-22,0.17
0.26,3.44,2011-01-21,0.17
0.26,3.47,2011-01-20,0.18
0.26,3.37,2011-01-19,0.18
0.25,3.39,2011-01-18,0.19
-9999.0,-9999.0,2011-01-17,0.16
,,2011-01-16,0.16
,,2011-01-15,0.16
0.26,3.35,2011-01-14,0.16
0.26,3.34,2011-01-13,0.16
0.26,3.4,2011-01-12,0.16
0.28,3.37,2011-01-11,0.17
0.27,3.32,2011-01-10,0.17
,,2011-01-09,0.17
,,2011-01-08,0.17
0.27,3.34,2011-01-07,0.17
0.28,3.44,2011-01-06,0.17
0.29,3.5,2011-01-05,0.18
0.26,3.36,2011-01-04,0.18
0.27,3.36,2011-01-03,0.19
,,2011-01-02,0.13
,,2011-01-01,0.13
0.27,3.3,2010-12-31,0.13
0.27,3.38,2010-12-30,0.19
0.28,3.35,2010-12-29,0.18
0.29,3.5,2010-12-28,0.18
0.3,3.36,2010-12-27,0.19
,,2010-12-26,0.19
,,2010-12-25,0.19
-9999.0,-9999.0,2010-12-24,0.19
0.29,3.41,2010-12-23,0.19
0.29,3.36,2010-12-22,0.19
0.29,3.35,2010-12-21,0.2
0.29,3.36,2010-12-20,0.21
,,2010-12-19,0.2
,,2010-12-18,0.2
0.29,3.33,2010-12-17,0.2
0.3,3.47,2010-12-16,0.2
0.3,3.53,2010-12-15,0.2
0.3,3.49,2010-12-14,0.19
0.27,3.29,2010-12-13,0.17
,,2010-12-12,0.16
,,2010-12-11,0.16
0.27,3.32,2010-12-10,0.16
0.28,3.23,2010-12-09,0.16
0.28,3.26,2010-12-08,0.17
0.26,3.15,2010-12-07,0.17
0.25,2.95,2010-12-06,0.18
,,2010-12-05,0.18
,,2010-12-04,0.18
0.25,3.03,2010-12-03,0.18
0.28,3.01,2010-12-02,0.19
0.27,2.97,2010-12-01,0.2
0.26,2.81,2010-11-30,0.2
0.27,2.84,2010-11-29,0.2
,,2010-11-28,0.2
,,2010-11-27,0.2
0.27,2.87,2010-11-26,0.2
-9999.0,-9999.0,2010-11-25,0.2
0.27,2.93,2010-11-24,0.2
0.25,2.77,2010-11-23,0.2
0.25,2.8,2010-11-22,0.19
,,2010-11-21,0.21
,,2010-11-20,0.21
0.26,2.88,2010-11-19,0.21
0.26,2.9,2010-11-18,0.2
0.26,2.89,2010-11-17,0.2
0.27,2.85,2010-11-16,0.21
0.27,2.92,2010-11-15,0.21
,,2010-11-14,0.19
,,2010-11-13,0.19
0.25,2.76,2010-11-12,0.19
-9999.0,-9999.0,2010-11-11,0.17
0.23,2.65,2010-11-10,0.17
0.23,2.72,2010-11-09,0.17
0.21,2.6,2010-11-08,0.18
,,2010-11-07,0.18
,,2010-11-06,0.18
0.21,2.58,2010-11-05,0.18
0.2,2.53,2010-11-04,0.19
0.21,2.67,2010-11-03,0.2
0.21,2.63,2010-11-02,0.2
0.21,2.66,2010-11-01,0.2
,,2010-10-31,0.2
,,2010-10-30,0.2
0.21,2.63,2010-10-29,0.2
0.22,2.69,2010-10-28,0.19
0.22,2.75,2010-10-27,0.19
0.22,2.67,2010-10-26,0.19
0.22,2.59,2010-10-25,0.19
,,2010-10-24,0.19
,,2010-10-23,0.19
0.21,2.59,2010-10-22,0.19
0.22,2.57,2010-10-21,0.19
0.22,2.51,2010-10-20,0.19
0.22,2.5,2010-10-19,0.19
0.22,2.52,2010-10-18,0.19
,,2010-10-17,0.2
,,2010-10-16,0.2
0.21,2.59,2010-10-15,0.2
0.21,2.52,2010-10-14,0.19
0.21,2.46,2010-10-13,0.18
0.2,2.44,2010-10-12,0.18
-9999.0,-9999.0,2010-10-11,0.18
,,2010-10-10,0.18
,,2010-10-09,0.18
0.2,2.41,2010-10-08,0.18
0.22,2.41,2010-10-07,0.18
0.23,2.41,2010-10-06,0.19
0.24,2.5,2010-10-05,0.2
0.25,2.5,2010-10-04,0.2
,,2010-10-03,0.2
,,2010-10-02,0.2
0.25,2.54,2010-10-01,0.2
0.26,2.53,2010-09-30,0.15
0.26,2.52,2010-09-29,0.19
0.25,2.48,2010-09-28,0.19
0.25,2.54,2010-09-27,0.19
,,2010-09-26,0.21
,,2010-09-25,0.21
0.25,2.62,2010-09-24,0.21
0.25,2.56,2010-09-23,0.2
0.25,2.56,2010-09-22,0.21
0.26,2.61,2010-09-21,0.2
0.25,2.72,2010-09-20,0.21
,,2010-09-19,0.21
,,2010-09-18,0.21
0.25,2.75,2010-09-17,0.21
0.24,2.77,2010-09-16,0.21
0.24,2.74,2010-09-15,0.21
0.25,2.68,2010-09-14,0.19
0.25,2.74,2010-09-13,0.18
,,2010-09-12,0.18
,,2010-09-11,0.18
0.25,2.81,2010-09-10,0.18
0.24,2.77,2010-09-09,0.18
0.23,2.66,2010-09-08,0.19
0.24,2.61,2010-09-07,0.2
-9999.0,-9999.0,2010-09-06,0.19
,,2010-09-05,0.19
,,2010-09-04,0.19
0.24,2.72,2010-09-03,0.19
0.24,2.63,2010-09-02,0.19
0.24,2.58,2010-09-01,0.19
0.24,2.47,2010-08-31,0.21
0.25,2.54,2010-08-30,0.19
,,2010-08-29,0.19
,,2010-08-28,0.19
0.26,2.66,2010-08-27,0.19
0.25,2.5,2010-08-26,0.19
0.26,2.54,2010-08-25,0.19
0.27,2.5,2010-08-24,0.19
0.24,2.6,2010-08-23,0.19
,,2010-08-22,0.2
,,2010-08-21,0.2
0.24,2.62,2010-08-20,0.2
0.24,2.58,2010-08-19,0.19
0.24,2.64,2010-08-18,0.19
0.24,2.64,2010-08-17,0.2
0.24,2.58,2010-08-16,0.2
,,2010-08-15,0.19
,,2010-08-14,0.19
0.24,2.68,2010-08-13,0.19
0.24,2.74,2010-08-12,0.18
0.24,2.72,2010-08-11,0.17
0.24,2.79,2010-08-10,0.18
0.25,2.86,2010-08-09,0.18
,,2010-08-08,0.18
,,2010-08-07,0.18
0.24,2.86,2010-08-06,0.18
0.26,2.94,2010-08-05,0.19
0.27,2.98,2010-08-04,0.19
0.26,2.94,2010-08-03,0.19
0.27,2.99,2010-08-02,0.19
,,2010-08-01,0.18
,,2010-07-31,0.18
0.28,2.94,2010-07-30,0.18
0.29,3.03,2010-07-29,0.19
0.3,3.03,2010-07-28,0.2
0.3,3.08,2010-07-27,0.19
0.27,3.03,2010-07-26,0.19
,,2010-07-25,0.19
,,2010-07-24,0.19
0.25,3.02,2010-07-23,0.19
0.25,2.96,2010-07-22,0.18
0.25,2.9,2010-07-21,0.18
0.25,2.98,2010-07-20,0.18
0.26,2.99,2010-07-19,0.19
,,2010-07-18,0.19
,,2010-07-17,0.19
0.26,2.96,2010-07-16,0.19
0.26,3.0,2010-07-15,0.19
0.26,3.07,2010-07-14,0.17
0.29,3.15,2010-07-13,0.17
0.29,3.08,2010-07-12,0.17
,,2010-07-11,0.18
,,2010-07-10,0.18
0.29,3.07,2010-07-09,0.18
0.29,3.04,2010-07-08,0.17
0.3,3.0,2010-07-07,0.18
0.31,2.95,2010-07-06,0.18
-9999.0,-9999.0,2010-07-05,0.18
,,2010-07-04,0.18
,,2010-07-03,0.18
0.3,3.0,2010-07-02,0.18
0.31,2.96,2010-07-01,0.17
0.31,2.97,2010-06-30,0.09
0.31,2.97,2010-06-29,0.15
0.28,3.05,2010-06-28,0.17
,,2010-06-27,0.16
,,2010-06-26,0.16
0.27,3.12,2010-06-25,0.16
0.27,3.14,2010-06-24,0.16
0.28,3.13,2010-06-23,0.17
0.27,3.18,2010-06-22,0.18
0.27,3.26,2010-06-21,0.17
,,2010-06-20,0.18
,,2010-06-19,0.18
0.28,3.24,2010-06-18,0.18
0.26,3.21,2010-06-17,0.19
0.28,3.27,2010-06-16,0.19
0.29,3.32,2010-06-15,0.19
0.29,3.28,2010-06-14,0.18
,,2010-06-13,0.18
,,2010-06-12,0.18
0.29,3.24,2010-06-11,0.18
0.33,3.33,2010-06-10,0.18
0.32,3.2,2010-06-09,0.18
0.33,3.18,2010-06-08,0.19
0.34,3.17,2010-06-07,0.19
,,2010-06-06,0.19
,,2010-06-05,0.19
0.33,3.2,2010-06-04,0.19
0.37,3.39,2010-06-03,0.19
0.37,3.35,2010-06-02,0.2
0.32,3.29,2010-06-01,0.2
-9999.0,-9999.0,2010-05-31,0.19
,,2010-05-30,0.19
,,2010-05-29,0.19
0.32,3.31,2010-05-28,0.19
0.34,3.34,2010-05-27,0.2
0.34,3.21,2010-05-26,0.2
0.33,3.18,2010-05-25,0.21
0.33,3.23,2010-05-24,0.21
,,2010-05-23,0.2
,,2010-05-22,0.2
0.33,3.2,2010-05-21,0.2
0.32,3.25,2010-05-20,0.2
0.33,3.36,2010-05-19,0.2
0.33,3.38,2010-05-18,0.21
0.34,3.47,2010-05-17,0.21
,,2010-05-16,0.2
,,2010-05-15,0.2
0.33,3.44,2010-05-14,0.2
0.38,3.55,2010-05-13,0.2
0.38,3.56,2010-05-12,0.2
0.37,3.56,2010-05-11,0.2
0.38,3.57,2010-05-10,0.2
,,2010-05-09,0.2
,,2010-05-08,0.2
0.37,3.45,2010-05-07,0.2
0.33,3.41,2010-05-06,0.2
0.38,3.58,2010-05-05,0.21
0.42,3.63,2010-05-04,0.21
0.39,3.72,2010-05-03,0.2
,,2010-05-02,0.2
,,2010-05-01,0.2
0.38,3.69,2010-04-30,0.2
0.38,3.76,2010-04-29,0.19
0.39,3.8,2010-04-28,0.2
0.39,3.71,2010-04-27,0.2
0.43,3.83,2010-04-26,0.2
,,2010-04-25,0.2
,,2010-04-24,0.2
0.43,3.84,2010-04-23,0.2
0.42,3.8,2010-04-22,0.2
0.41,3.77,2010-04-21,0.2
0.4,3.82,2010-04-20,0.2
0.4,3.83,2010-04-19,0.2
,,2010-04-18,0.21
,,2010-04-17,0.21
0.39,3.79,2010-04-16,0.21
0.41,3.86,2010-04-15,0.22
0.43,3.88,2010-04-14,0.2
0.43,3.84,2010-04-13,0.2
0.44,3.87,2010-04-12,0.19
,,2010-04-11,0.19
,,2010-04-10,0.19
0.45,3.9,2010-04-09,0.19
0.45,3.91,2010-04-08,0.19
0.46,3.89,2010-04-07,0.19
0.48,3.98,2010-04-06,0.2
0.44,4.01,2010-04-05,0.2
,,2010-04-04,0.2
,,2010-04-03,0.2
0.42,3.96,2010-04-02,0.2
0.39,3.89,2010-04-01,0.17
0.38,3.84,2010-03-31,0.09
0.4,3.88,2010-03-30,0.16
0.39,3.88,2010-03-29,0.16
,,2010-03-28,0.17
,,2010-03-27,0.17
0.4,3.86,2010-03-26,0.17
0.41,3.91,2010-03-25,0.17
0.41,3.84,2010-03-24,0.17
0.38,3.69,2010-03-23,0.17
0.39,3.67,2010-03-22,0.18
,,2010-03-21,0.18
,,2010-03-20,0.18
0.4,3.7,2010-03-19,0.18
0.39,3.68,2010-03-18,0.18
0.39,3.65,2010-03-17,0.18
0.4,3.66,2010-03-16,0.2
0.39,3.71,2010-03-15,0.2
,,2010-03-14,0.17
,,2010-03-13,0.17
0.4,3.71,2010-03-12,0.17
0.39,3.73,2010-03-11,0.15
0.38,3.73,2010-03-10,0.14
0.37,3.71,2010-03-09,0.14
0.35,3.72,2010-03-08,0.15
,,2010-03-07,0.17
,,2010-03-06,0.17
0.34,3.69,2010-03-05,0.17
0.31,3.61,2010-03-04,0.16
0.3,3.63,2010-03-03,0.15
0.3,3.62,2010-03-02,0.14
0.3,3.61,2010-03-01,0.14
,,2010-02-28,0.13
,,2010-02-27,0.13
0.3,3.61,2010-02-26,0.13
0.3,3.64,2010-02-25,0.12
0.32,3.7,2010-02-24,0.11
0.34,3.69,2010-02-23,0.12
0.35,3.8,2010-02-22,0.12
,,2010-02-21,0.13
,,2010-02-20,0.13
0.37,3.78,2010-02-19,0.13
0.35,3.79,2010-02-18,0.12
0.34,3.74,2010-02-17,0.12
0.33,3.66,2010-02-16,0.13
-9999.0,-9999.0,2010-02-15,0.12
,,2010-02-14,0.12
,,2010-02-13,0.12
0.34,3.69,2010-02-12,0.12
0.37,3.73,2010-02-11,0.12
0.37,3.72,2010-02-10,0.12
0.34,3.67,2010-02-09,0.13
0.29,3.62,2010-02-08,0.13
,,2010-02-07,0.13
,,2010-02-06,0.13
0.28,3.59,2010-02-05,0.13
0.29,3.62,2010-02-04,0.14
0.32,3.73,2010-02-03,0.13
0.3,3.67,2010-02-02,0.14
0.3,3.68,2010-02-01,0.14
,,2010-01-31,0.12
,,2010-01-30,0.12
0.28,3.63,2010-01-29,0.12
0.29,3.68,2010-01-28,0.12
0.31,3.66,2010-01-27,0.12
0.3,3.65,2010-01-26,0.12
0.28,3.66,2010-01-25,0.12
,,2010-01-24,0.11
,,2010-01-23,0.11
0.28,3.62,2010-01-22,0.11
0.3,3.62,2010-01-21,0.12
0.3,3.68,2010-01-20,0.13
0.32,3.73,2010-01-19,0.13
-9999.0,-9999.0,2010-01-18,0.12
,,2010-01-17,0.12
,,2010-01-16,0.12
0.32,3.7,2010-01-15,0.12
0.33,3.76,2010-01-14,0.11
0.36,3.8,2010-01-13,0.11
0.34,3.74,2010-01-12,0.11
0.3,3.85,2010-01-11,0.11
,,2010-01-10,0.11
,,2010-01-09,0.11
0.33,3.83,2010-01-08,0.11
0.36,3.85,2010-01-07,0.1
0.36,3.85,2010-01-06,0.12
0.37,3.77,2010-01-05,0.12
0.41,3.85,2010-01-04,0.12
,,2010-01-03,0.05
,,2010-01-02,0.05
-9999.0,-9999.0,2010-01-01,0.05
0.44,3.85,2009-12-31,0.05
0.42,3.8,2009-12-30,0.11
0.44,3.82,2009-12-29,0.12
0.44,3.85,2009-12-28,0.12
,,2009-12-27,0.11
,,2009-12-26,0.11
-9999.0,-9999.0,2009-12-25,0.11
0.41,3.82,2009-12-24,0.11
0.39,3.77,2009-12-23,0.11
0.39,3.76,2009-12-22,0.12
0.39,3.69,2009-12-21,0.12
,,2009-12-20,0.12
,,2009-12-19,0.12
0.35,3.55,2009-12-18,0.12
0.34,3.5,2009-12-17,0.13
0.37,3.61,2009-12-16,0.14
0.4,3.6,2009-12-15,0.13
0.33,3.56,2009-12-14,0.12
,,2009-12-13,0.12
,,2009-12-12,0.12
0.32,3.55,2009-12-11,0.12
0.29,3.49,2009-12-10,0.12
0.28,3.45,2009-12-09,0.12
0.26,3.4,2009-12-08,0.12
0.29,3.44,2009-12-07,0.12
,,2009-12-06,0.12
,,2009-12-05,0.12
0.33,3.48,2009-12-04,0.12
0.28,3.39,2009-12-03,0.13
0.26,3.32,2009-12-02,0.13
0.24,3.28,2009-12-01,0.13
0.25,3.21,2009-11-30,0.13
,,2009-11-29,0.12
,,2009-11-28,0.12
0.25,3.21,2009-11-27,0.12
-9999.0,-9999.0,2009-11-26,0.11
0.25,3.28,2009-11-25,0.11
0.27,3.32,2009-11-24,0.12
0.28,3.37,2009-11-23,0.12
,,2009-11-22,0.11
,,2009-11-21,0.11
0.26,3.36,2009-11-20,0.11
0.26,3.35,2009-11-19,0.11
0.29,3.36,2009-11-18,0.11
0.32,3.33,2009-11-17,0.12
0.28,3.33,2009-11-16,0.12
,,2009-11-15,0.12
,,2009-11-14,0.12
0.29,3.43,2009-11-13,0.12
0.29,3.45,2009-11-12,0.12
-9999.0,-9999.0,2009-11-11,0.13
0.3,3.5,2009-11-10,0.13
0.31,3.52,2009-11-09,0.12
,,2009-11-08,0.12
,,2009-11-07,0.12
0.31,3.54,2009-11-06,0.12
0.33,3.57,2009-11-05,0.13
0.33,3.57,2009-11-04,0.13
0.36,3.5,2009-11-03,0.12
0.36,3.45,2009-11-02,0.12
,,2009-11-01,0.11
,,2009-10-31,0.11
0.35,3.41,2009-10-30,0.11
0.38,3.53,2009-10-29,0.11
0.37,3.44,2009-10-28,0.11
0.38,3.49,2009-10-27,0.11
0.4,3.59,2009-10-26,0.11
,,2009-10-25,0.11
,,2009-10-24,0.11
0.39,3.51,2009-10-23,0.11
0.37,3.44,2009-10-22,0.11
0.39,3.42,2009-10-21,0.11
0.38,3.35,2009-10-20,0.12
0.34,3.41,2009-10-19,0.12
,,2009-10-18,0.12
,,2009-10-17,0.12
0.33,3.43,2009-10-16,0.12
0.32,3.49,2009-10-15,0.13
0.32,3.45,2009-10-14,0.12
0.32,3.34,2009-10-13,0.12
-9999.0,-9999.0,2009-10-12,0.12
,,2009-10-11,0.12
,,2009-10-10,0.12
0.35,3.4,2009-10-09,0.12
0.33,3.27,2009-10-08,0.12
0.32,3.21,2009-10-07,0.13
0.35,3.27,2009-10-06,0.12
0.34,3.24,2009-10-05,0.13
,,2009-10-04,0.13
,,2009-10-03,0.13
0.35,3.24,2009-10-02,0.13
0.35,3.21,2009-10-01,0.11
0.38,3.31,2009-09-30,0.07
0.39,3.31,2009-09-29,0.11
0.39,3.31,2009-09-28,0.13
,,2009-09-27,0.13
,,2009-09-26,0.13
0.4,3.34,2009-09-25,0.13
0.38,3.4,2009-09-24,0.14
0.4,3.44,2009-09-23,0.15
0.41,3.46,2009-09-22,0.15
0.36,3.49,2009-09-21,0.15
,,2009-09-20,0.16
,,2009-09-19,0.16
0.37,3.49,2009-09-18,0.16
0.37,3.42,2009-09-17,0.16
0.35,3.48,2009-09-16,0.17
0.36,3.47,2009-09-15,0.17
0.37,3.42,2009-09-14,0.16
,,2009-09-13,0.15
,,2009-09-12,0.15
0.36,3.34,2009-09-11,0.15
0.37,3.36,2009-09-10,0.16
0.38,3.48,2009-09-09,0.15
0.39,3.47,2009-09-08,0.15
-9999.0,-9999.0,2009-09-07,0.15
,,2009-09-06,0.15
,,2009-09-05,0.15
0.4,3.45,2009-09-04,0.15
0.4,3.33,2009-09-03,0.15
0.39,3.29,2009-09-02,0.16
0.42,3.38,2009-09-01,0.15
0.42,3.4,2009-08-31,0.15
,,2009-08-30,0.14
,,2009-08-29,0.14
0.43,3.46,2009-08-28,0.14
0.45,3.47,2009-08-27,0.14
0.44,3.44,2009-08-26,0.15
0.46,3.45,2009-08-25,0.15
0.4,3.48,2009-08-24,0.16
,,2009-08-23,0.16
,,2009-08-22,0.16
0.41,3.56,2009-08-21,0.16
0.39,3.42,2009-08-20,0.17
0.4,3.45,2009-08-19,0.17
0.4,3.51,2009-08-18,0.17
0.42,3.48,2009-08-17,0.17
,,2009-08-16,0.15
,,2009-08-15,0.15
0.41,3.55,2009-08-14,0.15
0.42,3.59,2009-08-13,0.15
0.44,3.72,2009-08-12,0.15
0.46,3.71,2009-08-11,0.16
0.47,3.8,2009-08-10,0.17
,,2009-08-09,0.17
,,2009-08-08,0.17
0.5,3.89,2009-08-07,0.17
0.46,3.79,2009-08-06,0.17
0.47,3.8,2009-08-05,0.17
0.45,3.7,2009-08-04,0.17
0.47,3.66,2009-08-03,0.18
,,2009-08-02,0.18
,,2009-08-01,0.18
0.47,3.52,2009-07-31,0.18
0.47,3.67,2009-07-30,0.17
0.49,3.69,2009-07-29,0.17
0.48,3.72,2009-07-28,0.15
0.44,3.75,2009-07-27,0.16
,,2009-07-26,0.15
,,2009-07-25,0.15
0.43,3.7,2009-07-24,0.15
0.45,3.72,2009-07-23,0.15
0.43,3.58,2009-07-22,0.14
0.43,3.5,2009-07-21,0.14
0.44,3.61,2009-07-20,0.15
,,2009-07-19,0.15
,,2009-07-18,0.15
0.45,3.67,2009-07-17,0.15
0.44,3.59,2009-07-16,0.15
0.47,3.63,2009-07-15,0.14
0.45,3.5,2009-07-14,0.13
0.45,3.38,2009-07-13,0.13
,,2009-07-12,0.15
,,2009-07-11,0.15
0.43,3.32,2009-07-10,0.15
0.45,3.44,2009-07-09,0.15
0.43,3.33,2009-07-08,0.16
0.45,3.47,2009-07-07,0.18
0.47,3.52,2009-07-06,0.18
,,2009-07-05,0.16
,,2009-07-04,0.16
-9999.0,-9999.0,2009-07-03,0.16
0.48,3.51,2009-07-02,0.17
0.53,3.55,2009-07-01,0.2
0.55,3.53,2009-06-30,0.22
0.46,3.51,2009-06-29,0.17
,,2009-06-28,0.18
,,2009-06-27,0.18
0.41,3.52,2009-06-26,0.18
0.43,3.55,2009-06-25,0.19
0.46,3.72,2009-06-24,0.21
0.46,3.65,2009-06-23,0.24
0.46,3.72,2009-06-22,0.24
,,2009-06-21,0.25
,,2009-06-20,0.25
0.48,3.79,2009-06-19,0.25
0.49,3.86,2009-06-18,0.25
0.47,3.68,2009-06-17,0.24
0.48,3.67,2009-06-16,0.22
0.48,3.76,2009-06-15,0.22
,,2009-06-14,0.17
,,2009-06-13,0.17
0.5,3.81,2009-06-12,0.17
0.51,3.88,2009-06-11,0.17
0.53,3.98,2009-06-10,0.18
0.54,3.86,2009-06-09,0.18
0.6,3.91,2009-06-08,0.21
,,2009-06-07,0.21
,,2009-06-06,0.21
0.61,3.84,2009-06-05,0.21
0.46,3.72,2009-06-04,0.2
0.44,3.56,2009-06-03,0.21
0.45,3.65,2009-06-02,0.2
0.44,3.71,2009-06-01,0.21
,,2009-05-31,0.19
,,2009-05-30,0.19
0.44,3.47,2009-05-29,0.19
0.45,3.67,2009-05-28,0.17
0.46,3.71,2009-05-27,0.17
0.47,3.5,2009-05-26,0.18
-9999.0,-9999.0,2009-05-25,0.17
,,2009-05-24,0.17
,,2009-05-23,0.17
0.46,3.45,2009-05-22,0.17
0.43,3.35,2009-05-21,0.17
0.42,3.19,2009-05-20,0.14
0.46,3.25,2009-05-19,0.15
0.48,3.22,2009-05-18,0.16
,,2009-05-17,0.17
,,2009-05-16,0.17
0.48,3.14,2009-05-15,0.17
0.48,3.1,2009-05-14,0.16
0.5,3.11,2009-05-13,0.16
0.52,3.17,2009-05-12,0.16
0.51,3.17,2009-05-11,0.17
,,2009-05-10,0.17
,,2009-05-09,0.17
0.54,3.29,2009-05-08,0.17
0.53,3.29,2009-05-07,0.18
0.5,3.18,2009-05-06,0.18
0.52,3.2,2009-05-05,0.2
0.48,3.19,2009-05-04,0.22
,,2009-05-03,0.22
,,2009-05-02,0.22
0.46,3.21,2009-05-01,0.22
0.46,3.16,2009-04-30,0.2
0.47,3.12,2009-04-29,0.18
0.49,3.05,2009-04-28,0.16
0.46,2.95,2009-04-27,0.17
,,2009-04-26,0.16
,,2009-04-25,0.16
0.47,3.03,2009-04-24,0.16
0.46,2.96,2009-04-23,0.17
0.49,2.98,2009-04-22,0.15
0.51,2.94,2009-04-21,0.15
0.52,2.88,2009-04-20,0.14
,,2009-04-19,0.13
,,2009-04-18,0.13
0.55,2.98,2009-04-17,0.13
0.52,2.86,2009-04-16,0.15
0.52,2.82,2009-04-15,0.16
0.53,2.8,2009-04-14,0.16
0.56,2.88,2009-04-13,0.13
,,2009-04-12,0.15
,,2009-04-11,0.15
-9999.0,-9999.0,2009-04-10,0.15
0.59,2.96,2009-04-09,0.14
0.58,2.86,2009-04-08,0.14
0.59,2.93,2009-04-07,0.14
0.56,2.95,2009-04-06,0.14
,,2009-04-05,0.13
,,2009-04-04,0.13
0.57,2.91,2009-04-03,0.13
0.56,2.77,2009-04-02,0.16
0.55,2.68,2009-04-01,0.16
0.55,2.71,2009-03-31,0.16
0.56,2.73,2009-03-30,0.16
,,2009-03-29,0.15
,,2009-03-28,0.15
0.56,2.78,2009-03-27,0.15
0.55,2.76,2009-03-26,0.16
0.58,2.81,2009-03-25,0.17
0.6,2.68,2009-03-24,0.17
0.58,2.68,2009-03-23,0.17
,,2009-03-22,0.18
,,2009-03-21,0.18
0.58,2.65,2009-03-20,0.18
0.58,2.61,2009-03-19,0.17
0.58,2.51,2009-03-18,0.18
0.67,3.02,2009-03-17,0.2
0.67,2.97,2009-03-16,0.2
,,2009-03-15,0.15
,,2009-03-14,0.15
0.66,2.89,2009-03-13,0.15
0.69,2.89,2009-03-12,0.18
0.7,2.95,2009-03-11,0.19
0.7,2.99,2009-03-10,0.2
0.66,2.89,2009-03-09,0.2
,,2009-03-08,0.2
,,2009-03-07,0.2
0.63,2.83,2009-03-06,0.2
0.63,2.83,2009-03-05,0.2
0.67,3.01,2009-03-04,0.21
0.65,2.93,2009-03-03,0.2
0.64,2.91,2009-03-02,0.22
,,2009-03-01,0.22
,,2009-02-28,0.22
0.69,3.02,2009-02-27,0.22
0.7,2.98,2009-02-26,0.22
0.72,2.95,2009-02-25,0.21
0.69,2.8,2009-02-24,0.21
0.67,2.78,2009-02-23,0.19
,,2009-02-22,0.2
,,2009-02-21,0.2
0.62,2.78,2009-02-20,0.2
0.65,2.85,2009-02-19,0.21
0.62,2.74,2009-02-18,0.23
0.59,2.64,2009-02-17,0.25
-9999.0,-9999.0,2009-02-16,0.22
,,2009-02-15,0.22
,,2009-02-14,0.22
0.6,2.89,2009-02-13,0.22
0.57,2.75,2009-02-12,0.23
0.59,2.78,2009-02-11,0.22
0.59,2.9,2009-02-10,0.24
0.56,3.07,2009-02-09,0.22
,,2009-02-08,0.23
,,2009-02-07,0.23
0.53,3.05,2009-02-06,0.23
0.51,2.95,2009-02-05,0.23
0.5,2.95,2009-02-04,0.24
0.5,2.89,2009-02-03,0.24
0.48,2.76,2009-02-02,0.24
,,2009-02-01,0.23
,,2009-01-31,0.23
0.48,2.87,2009-01-30,0.23
0.48,2.87,2009-01-29,0.23
0.46,2.71,2009-01-28,0.19
0.45,2.59,2009-01-27,0.18
0.45,2.7,2009-01-26,0.19
,,2009-01-25,0.18
,,2009-01-24,0.18
0.44,2.65,2009-01-23,0.18
0.41,2.62,2009-01-22,0.21
0.42,2.56,2009-01-21,0.23
0.41,2.4,2009-01-20,0.2
-9999.0,-9999.0,2009-01-19,0.19
,,2009-01-18,0.19
,,2009-01-17,0.19
0.42,2.36,2009-01-16,0.19
0.41,2.23,2009-01-15,0.18
0.41,2.24,2009-01-14,0.15
0.42,2.33,2009-01-13,0.1
0.4,2.34,2009-01-12,0.1
,,2009-01-11,0.09
,,2009-01-10,0.09
0.4,2.43,2009-01-09,0.09
0.41,2.47,2009-01-08,0.1
0.41,2.52,2009-01-07,0.11
0.42,2.51,2009-01-06,0.09
0.41,2.49,2009-01-05,0.11
,,2009-01-04,0.08
,,2009-01-03,0.08
0.38,2.46,2009-01-02,0.08
-9999.0,-9999.0,2009-01-01,0.14
0.35,2.25,2008-12-31,0.14
0.32,2.11,2008-12-30,0.09
0.34,2.13,2008-12-29,0.1
,,2008-12-28,0.09
,,2008-12-27,0.09
0.36,2.16,2008-12-26,0.09
-9999.0,-9999.0,2008-12-25,0.11
0.38,2.2,2008-12-24,0.11
0.4,2.18,2008-12-23,0.11
0.39,2.16,2008-12-22,0.11
,,2008-12-21,0.11
,,2008-12-20,0.11
0.43,2.13,2008-12-19,0.11
0.42,2.08,2008-12-18,0.11
0.44,2.2,2008-12-17,0.12
0.44,2.37,2008-12-16,0.17
0.47,2.53,2008-12-15,0.18
,,2008-12-14,0.15
,,2008-12-13,0.15
0.47,2.6,2008-12-12,0.15
0.48,2.64,2008-12-11,0.14
0.46,2.69,2008-12-10,0.11
0.46,2.67,2008-12-09,0.13
0.5,2.77,2008-12-08,0.12
,,2008-12-07,0.12
,,2008-12-06,0.12
0.51,2.67,2008-12-05,0.12
0.59,2.55,2008-12-04,0.2
0.68,2.67,2008-12-03,0.36
0.75,2.68,2008-12-02,0.47
0.79,2.72,2008-12-01,0.52
,,2008-11-30,0.52
,,2008-11-29,0.52
0.88,2.93,2008-11-28,0.52
-9999.0,-9999.0,2008-11-27,0.53
0.91,2.99,2008-11-26,0.53
0.93,3.11,2008-11-25,0.59
0.92,3.35,2008-11-24,0.62
,,2008-11-23,0.57
,,2008-11-22,0.57
0.81,3.2,2008-11-21,0.57
0.85,3.1,2008-11-20,0.49
0.95,3.38,2008-11-19,0.38
1.03,3.53,2008-11-18,0.38
1.05,3.68,2008-11-17,0.37
,,2008-11-16,0.34
,,2008-11-15,0.34
1.11,3.72,2008-11-14,0.34
1.13,3.84,2008-11-13,0.35
1.0,3.75,2008-11-12,0.35
-9999.0,-9999.0,2008-11-11,0.29
1.13,3.82,2008-11-10,0.29
,,2008-11-09,0.27
,,2008-11-08,0.27
1.16,3.83,2008-11-07,0.27
1.14,3.75,2008-11-06,0.23
1.19,3.73,2008-11-05,0.23
1.25,3.81,2008-11-04,0.23
1.27,3.96,2008-11-03,0.23
,,2008-11-02,0.22
,,2008-11-01,0.22
1.3,4.01,2008-10-31,0.22
1.32,4.0,2008-10-30,0.3
1.37,3.93,2008-10-29,0.36
1.49,3.89,2008-10-28,0.67
1.53,3.79,2008-10-27,0.92
,,2008-10-26,0.95
,,2008-10-25,0.95
1.56,3.76,2008-10-24,0.95
1.57,3.63,2008-10-23,0.93
1.6,3.65,2008-10-22,0.81
1.69,3.76,2008-10-21,0.67
1.65,3.91,2008-10-20,0.7
,,2008-10-19,0.6
,,2008-10-18,0.6
1.29,3.98,2008-10-17,0.6
1.24,3.99,2008-10-16,0.83
1.09,4.04,2008-10-15,1.04
1.16,4.08,2008-10-14,1.1
-9999.0,-9999.0,2008-10-13,0.79
,,2008-10-12,0.79
,,2008-10-11,0.79
1.03,3.89,2008-10-10,0.79
1.29,3.84,2008-10-09,1.4
1.24,3.72,2008-10-08,2.24
1.23,3.5,2008-10-07,2.97
1.2,3.48,2008-10-06,1.96
,,2008-10-05,1.1
,,2008-10-04,1.1
1.37,3.63,2008-10-03,1.1
1.41,3.66,2008-10-02,0.67
1.67,3.77,2008-10-01,1.15
1.73,3.85,2008-09-30,2.03
1.56,3.61,2008-09-29,1.56
,,2008-09-28,1.08
,,2008-09-27,1.08
1.76,3.85,2008-09-26,1.08
1.91,3.88,2008-09-25,1.23
1.85,3.8,2008-09-24,1.19
1.95,3.85,2008-09-23,1.46
1.99,3.83,2008-09-22,1.51
,,2008-09-21,1.48
,,2008-09-20,1.48
1.98,3.78,2008-09-19,1.48
1.48,3.54,2008-09-18,2.16
1.46,3.41,2008-09-17,2.8
1.67,3.48,2008-09-16,1.98
1.61,3.47,2008-09-15,2.64
,,2008-09-14,2.1
,,2008-09-13,2.1
1.96,3.74,2008-09-12,2.1
1.95,3.64,2008-09-11,2.0
2.0,3.65,2008-09-10,2.12
2.0,3.62,2008-09-09,1.96
2.05,3.66,2008-09-08,1.92
,,2008-09-07,1.97
,,2008-09-06,1.97
2.01,3.66,2008-09-05,1.97
1.98,3.64,2008-09-04,1.99
2.02,3.71,2008-09-03,2.01
2.06,3.74,2008-09-02,1.96
-9999.0,-9999.0,2008-09-01,1.94
,,2008-08-31,1.94
,,2008-08-30,1.94
2.11,3.83,2008-08-29,1.94
2.12,3.79,2008-08-28,1.99
2.1,3.77,2008-08-27,1.98
2.13,3.79,2008-08-26,1.88
2.05,3.79,2008-08-25,2.01
,,2008-08-24,2.02
,,2008-08-23,2.02
2.09,3.87,2008-08-22,2.02
2.03,3.84,2008-08-21,2.01
1.99,3.79,2008-08-20,1.98
2.04,3.83,2008-08-19,1.94
2.08,3.82,2008-08-18,1.91
,,2008-08-17,2.08
,,2008-08-16,2.08
2.05,3.84,2008-08-15,2.08
2.07,3.89,2008-08-14,2.09
2.11,3.94,2008-08-13,1.98
2.11,3.91,2008-08-12,1.95
2.19,3.99,2008-08-11,1.99
,,2008-08-10,2.01
,,2008-08-09,2.01
2.12,3.94,2008-08-08,2.01
2.1,3.92,2008-08-07,1.96
2.19,4.06,2008-08-06,2.01
2.19,4.04,2008-08-05,1.97
2.2,3.98,2008-08-04,1.97
,,2008-08-03,2.04
,,2008-08-02,2.04
2.18,3.97,2008-08-01,2.04
2.2,3.99,2008-07-31,2.09
2.26,4.07,2008-07-30,2.03
2.29,4.09,2008-07-29,2.05
2.19,4.06,2008-07-28,2.0
,,2008-07-27,2.13
,,2008-07-26,2.13
2.24,4.13,2008-07-25,2.13
2.17,4.03,2008-07-24,2.06
2.29,4.16,2008-07-23,2.04
2.24,4.14,2008-07-22,1.97
2.21,4.09,2008-07-21,1.98
,,2008-07-20,1.96
,,2008-07-19,1.96
2.18,4.11,2008-07-18,1.96
2.18,4.07,2008-07-17,2.03
2.09,3.97,2008-07-16,1.95
2.08,3.87,2008-07-15,2.16
2.16,3.9,2008-07-14,2.06
,,2008-07-13,1.97
,,2008-07-12,1.97
2.22,3.96,2008-07-11,1.97
2.13,3.83,2008-07-10,2.01
2.14,3.85,2008-07-09,1.99
2.19,3.91,2008-07-08,1.97
2.19,3.95,2008-07-07,1.99
,,2008-07-06,1.92
,,2008-07-05,1.92
-9999.0,-9999.0,2008-07-04,1.92
2.23,3.99,2008-07-03,1.92
2.28,3.99,2008-07-02,1.95
2.31,4.01,2008-07-01,2.11
2.27,3.99,2008-06-30,2.47
,,2008-06-29,1.99
,,2008-06-28,1.99
2.26,3.99,2008-06-27,1.99
2.3,4.07,2008-06-26,2.05
2.38,4.12,2008-06-25,1.97
2.43,4.1,2008-06-24,1.93
2.47,4.19,2008-06-23,1.98
,,2008-06-22,1.99
,,2008-06-21,1.99
2.4,4.16,2008-06-20,1.99
2.48,4.22,2008-06-19,1.94
2.44,4.16,2008-06-18,1.84
2.49,4.23,2008-06-17,1.87
2.58,4.25,2008-06-16,2.06
,,2008-06-15,2.02
,,2008-06-14,2.02
2.54,4.27,2008-06-13,2.02
2.53,4.23,2008-06-12,2.01
2.39,4.1,2008-06-11,1.95
2.44,4.11,2008-06-10,1.96
2.22,4.02,2008-06-09,2.02
,,2008-06-08,2.01
,,2008-06-07,2.01
2.06,3.94,2008-06-06,2.01
2.09,4.06,2008-06-05,1.98
2.08,3.98,2008-06-04,1.98
2.08,3.92,2008-06-03,1.95
-9999.0,3.98,2008-06-02,2.06
,,2008-06-01,1.98
,,2008-05-31,1.98
-9999.0,4.06,2008-05-30,1.98
-9999.0,4.08,2008-05-29,2.01
-9999.0,4.03,2008-05-28,2.08
-9999.0,3.93,2008-05-27,2.23
-9999.0,-9999.0,2008-05-26,1.99
,,2008-05-25,1.99
,,2008-05-24,1.99
-9999.0,3.85,2008-05-23,1.99
-9999.0,3.92,2008-05-22,2.05
-9999.0,3.81,2008-05-21,2.03
-9999.0,3.78,2008-05-20,1.99
-9999.0,3.83,2008-05-19,1.95
,,2008-05-18,1.91
,,2008-05-17,1.91
-9999.0,3.85,2008-05-16,1.91
-9999.0,3.83,2008-05-15,2.03
-9999.0,3.92,2008-05-14,2.03
-9999.0,3.9,2008-05-13,1.93
-9999.0,3.78,2008-05-12,1.88
,,2008-05-11,1.97
,,2008-05-10,1.97
-9999.0,3.77,2008-05-09,1.97
-9999.0,3.79,2008-05-08,1.99
-9999.0,3.87,2008-05-07,2.01
-9999.0,3.93,2008-05-06,1.91
-9999.0,3.88,2008-05-05,1.85
,,2008-05-04,1.88
,,2008-05-03,1.88
-9999.0,3.89,2008-05-02,1.88
-9999.0,3.78,2008-05-01,2.16
-9999.0,3.77,2008-04-30,2.37
-9999.0,3.85,2008-04-29,2.21
-9999.0,3.86,2008-04-28,2.29
,,2008-04-27,2.28
,,2008-04-26,2.28
-9999.0,3.91,2008-04-25,2.28
-9999.0,3.87,2008-04-24,2.26
-9999.0,3.77,2008-04-23,2.18
-9999.0,3.74,2008-04-22,1.99
-9999.0,3.75,2008-04-21,2.28
,,2008-04-20,2.32
,,2008-04-19,2.32
-9999.0,3.77,2008-04-18,2.32
-9999.0,3.75,2008-04-17,2.37
-9999.0,3.72,2008-04-16,2.35
-9999.0,3.6,2008-04-15,2.32
-9999.0,3.53,2008-04-14,2.32
,,2008-04-13,2.37
,,2008-04-12,2.37
-9999.0,3.49,2008-04-11,2.37
-9999.0,3.55,2008-04-10,2.3
-9999.0,3.49,2008-04-09,2.2
-9999.0,3.58,2008-04-08,2.23
-9999.0,3.57,2008-04-07,2.24
,,2008-04-06,2.26
,,2008-04-05,2.26
-9999.0,3.5,2008-04-04,2.26
-9999.0,3.61,2008-04-03,2.19
-9999.0,3.6,2008-04-02,2.18
-9999.0,3.57,2008-04-01,2.38
-9999.0,3.45,2008-03-31,2.51
,,2008-03-30,2.09
,,2008-03-29,2.09
-9999.0,3.47,2008-03-28,2.09
-9999.0,3.56,2008-03-27,2.27
-9999.0,3.51,2008-03-26,2.3
-9999.0,3.51,2008-03-25,2.42
-9999.0,3.56,2008-03-24,2.08
,,2008-03-23,2.08
,,2008-03-22,2.08
-9999.0,-9999.0,2008-03-21,2.08
-9999.0,3.34,2008-03-20,2.22
-9999.0,3.38,2008-03-19,2.08
-9999.0,3.48,2008-03-18,2.16
-9999.0,3.34,2008-03-17,2.69
,,2008-03-16,2.99
,,2008-03-15,2.99
-9999.0,3.44,2008-03-14,2.99
-9999.0,3.56,2008-03-13,2.98
-9999.0,3.49,2008-03-12,2.97
-9999.0,3.6,2008-03-11,2.95
-9999.0,3.46,2008-03-10,2.99
,,2008-03-09,2.96
,,2008-03-08,2.96
-9999.0,3.56,2008-03-07,2.96
-9999.0,3.62,2008-03-06,2.99
-9999.0,3.7,2008-03-05,2.93
-9999.0,3.63,2008-03-04,2.9
-9999.0,3.54,2008-03-03,3.1
,,2008-03-02,3.01
,,2008-03-01,3.01
-9999.0,3.53,2008-02-29,3.01
-9999.0,3.71,2008-02-28,3.06
-9999.0,3.85,2008-02-27,2.93
-9999.0,3.88,2008-02-26,2.85
-9999.0,3.91,2008-02-25,3.0
,,2008-02-24,2.97
,,2008-02-23,2.97
-9999.0,3.79,2008-02-22,2.97
-9999.0,3.77,2008-02-21,3.01
-9999.0,3.93,2008-02-20,3.0
-9999.0,3.89,2008-02-19,2.94
-9999.0,-9999.0,2008-02-18,2.97
,,2008-02-17,2.97
,,2008-02-16,2.97
-9999.0,3.76,2008-02-15,2.97
-9999.0,3.85,2008-02-14,3.03
-9999.0,3.7,2008-02-13,3.02
-9999.0,3.66,2008-02-12,2.91
-9999.0,3.62,2008-02-11,2.88
,,2008-02-10,3.05
,,2008-02-09,3.05
-9999.0,3.64,2008-02-08,3.05
-9999.0,3.74,2008-02-07,3.03
-9999.0,3.61,2008-02-06,2.94
-9999.0,3.61,2008-02-05,2.71
-9999.0,3.68,2008-02-04,2.82
,,2008-02-03,3.12
,,2008-02-02,3.12
-9999.0,3.62,2008-02-01,3.12
-9999.0,3.67,2008-01-31,3.22
-9999.0,3.78,2008-01-30,3.26
-9999.0,3.69,2008-01-29,3.47
-9999.0,3.61,2008-01-28,3.5
,,2008-01-27,3.6
,,2008-01-26,3.6
-9999.0,3.61,2008-01-25,3.6
-9999.0,3.68,2008-01-24,3.47
-9999.0,3.51,2008-01-23,3.43
-9999.0,3.52,2008-01-22,3.68
-9999.0,-9999.0,2008-01-21,4.17
,,2008-01-20,4.17
,,2008-01-19,4.17
-9999.0,3.66,2008-01-18,4.17
-9999.0,3.66,2008-01-17,4.23
-9999.0,3.74,2008-01-16,4.22
-9999.0,3.72,2008-01-15,4.24
-9999.0,3.81,2008-01-14,4.24
,,2008-01-13,4.23
,,2008-01-12,4.23
-9999.0,3.82,2008-01-11,4.23
-9999.0,3.91,2008-01-10,4.26
-9999.0,3.82,2008-01-09,4.26
-9999.0,3.86,2008-01-08,4.27
-9999.0,3.86,2008-01-07,4.27
,,2008-01-06,4.18
,,2008-01-05,4.18
-9999.0,3.88,2008-01-04,4.18
-9999.0,3.91,2008-01-03,4.25
-9999.0,3.91,2008-01-02,4.11
-9999.0,-9999.0,2008-01-01,3.06
-9999.0,4.04,2007-12-31,3.06
,,2007-12-30,4.01
,,2007-12-29,4.01
-9999.0,4.11,2007-12-28,4.01
-9999.0,4.21,2007-12-27,4.15
-9999.0,4.3,2007-12-26,4.26
-9999.0,-9999.0,2007-12-25,4.0
-9999.0,4.23,2007-12-24,4.0
,,2007-12-23,4.28
,,2007-12-22,4.28
-9999.0,4.18,2007-12-21,4.28
-9999.0,4.04,2007-12-20,4.37
-9999.0,4.06,2007-12-19,3.98
-9999.0,4.14,2007-12-18,4.16
-9999.0,4.2,2007-12-17,4.31
,,2007-12-16,4.24
,,2007-12-15,4.24
-9999.0,4.24,2007-12-14,4.24
-9999.0,4.18,2007-12-13,4.3
-9999.0,4.05,2007-12-12,4.28
-9999.0,3.98,2007-12-11,4.29
-9999.0,4.15,2007-12-10,4.46
,,2007-12-09,4.41
,,2007-12-08,4.41
-9999.0,4.12,2007-12-07,4.41
-9999.0,4.02,2007-12-06,4.49
-9999.0,3.92,2007-12-05,4.31
-9999.0,3.89,2007-12-04,4.5
-9999.0,3.89,2007-12-03,4.52
,,2007-12-02,4.66
,,2007-12-01,4.66
-9999.0,3.97,2007-11-30,4.66
-9999.0,3.94,2007-11-29,4.55
-9999.0,4.03,2007-11-28,4.53
-9999.0,3.95,2007-11-27,4.39
-9999.0,3.83,2007-11-26,4.62
,,2007-11-25,4.56
,,2007-11-24,4.56
-9999.0,4.01,2007-11-23,4.56
-9999.0,-9999.0,2007-11-22,4.5
-9999.0,4.0,2007-11-21,4.5
-9999.0,4.06,2007-11-20,4.51
-9999.0,4.07,2007-11-19,4.51
,,2007-11-18,4.51
,,2007-11-17,4.51
-9999.0,4.15,2007-11-16,4.51
-9999.0,4.17,2007-11-15,4.54
-9999.0,4.28,2007-11-14,4.6
-9999.0,4.26,2007-11-13,4.61
-9999.0,-9999.0,2007-11-12,4.49
,,2007-11-11,4.49
,,2007-11-10,4.49
-9999.0,4.23,2007-11-09,4.49
-9999.0,4.28,2007-11-08,4.58
-9999.0,4.34,2007-11-07,4.39
-9999.0,4.38,2007-11-06,4.22
-9999.0,4.35,2007-11-05,4.29
,,2007-11-04,4.28
,,2007-11-03,4.28
-9999.0,4.31,2007-11-02,4.28
-9999.0,4.36,2007-11-01,4.59
-9999.0,4.48,2007-10-31,4.6
-9999.0,4.4,2007-10-30,4.78
-9999.0,4.39,2007-10-29,4.84
,,2007-10-28,4.8
,,2007-10-27,4.8
-9999.0,4.41,2007-10-26,4.8
-9999.0,4.37,2007-10-25,4.86
-9999.0,4.36,2007-10-24,4.74
-9999.0,4.41,2007-10-23,4.67
-9999.0,4.42,2007-10-22,4.71
,,2007-10-21,4.77
,,2007-10-20,4.77
-9999.0,4.41,2007-10-19,4.77
-9999.0,4.52,2007-10-18,4.69
-9999.0,4.57,2007-10-17,4.7
-9999.0,4.66,2007-10-16,4.68
-9999.0,4.69,2007-10-15,4.81
,,2007-10-14,4.75
,,2007-10-13,4.75
-9999.0,4.7,2007-10-12,4.75
-9999.0,4.66,2007-10-11,4.75
-9999.0,4.65,2007-10-10,4.52
-9999.0,4.67,2007-10-09,4.91
-9999.0,-9999.0,2007-10-08,4.77
,,2007-10-07,4.77
,,2007-10-06,4.77
-9999.0,4.65,2007-10-05,4.77
-9999.0,4.54,2007-10-04,4.74
-9999.0,4.55,2007-10-03,4.68
-9999.0,4.54,2007-10-02,4.78
-9999.0,4.56,2007-10-01,4.92
,,2007-09-30,4.58
,,2007-09-29,4.58
-9999.0,4.59,2007-09-28,4.58
-9999.0,4.58,2007-09-27,4.93
-9999.0,4.63,2007-09-26,4.88
-9999.0,4.63,2007-09-25,4.82
-9999.0,4.63,2007-09-24,4.74
,,2007-09-23,4.76
,,2007-09-22,4.76
-9999.0,4.64,2007-09-21,4.76
-9999.0,4.69,2007-09-20,4.77
-9999.0,4.53,2007-09-19,4.74
-9999.0,4.5,2007-09-18,4.92
-9999.0,4.48,2007-09-17,5.33
,,2007-09-16,5.25
,,2007-09-15,5.25
-9999.0,4.47,2007-09-14,5.25
-9999.0,4.49,2007-09-13,5.09
-9999.0,4.41,2007-09-12,5.18
-9999.0,4.37,2007-09-11,5.06
-9999.0,4.34,2007-09-10,5.07
,,2007-09-09,4.86
,,2007-09-08,4.86
-9999.0,4.38,2007-09-07,4.86
-9999.0,4.51,2007-09-06,4.98
-9999.0,4.48,2007-09-05,5.18
-9999.0,4.56,2007-09-04,5.22
-9999.0,-9999.0,2007-09-03,4.96
,,2007-09-02,4.96
,,2007-09-01,4.96
-9999.0,4.54,2007-08-31,4.96
-9999.0,4.51,2007-08-30,5.0
-9999.0,4.57,2007-08-29,5.0
-9999.0,4.53,2007-08-28,5.3
-9999.0,4.6,2007-08-27,5.27
,,2007-08-26,5.11
,,2007-08-25,5.11
-9999.0,4.63,2007-08-24,5.11
-9999.0,4.62,2007-08-23,4.88
-9999.0,4.63,2007-08-22,4.77
-9999.0,4.6,2007-08-21,4.89
-9999.0,4.64,2007-08-20,5.03
,,2007-08-19,4.91
,,2007-08-18,4.91
-9999.0,4.68,2007-08-17,4.91
-9999.0,4.6,2007-08-16,4.97
-9999.0,4.69,2007-08-15,4.71
-9999.0,4.73,2007-08-14,4.54
-9999.0,4.78,2007-08-13,4.81
,,2007-08-12,4.68
,,2007-08-11,4.68
-9999.0,4.81,2007-08-10,4.68
-9999.0,4.79,2007-08-09,5.41
